Survived,Pclass,Gender,Age,Fare,Cabin,BoardPort,Age_Group,WithFamily,Family_Size,Family_Group,Average_Fare,Fare_Group,name_length,nLength_group,title,Minor
0,3,male,22.0,7.25,G,S,Young_Adult,1,2,small,3.625,Very_low,23,medium,Mr,0
1,1,female,38.0,71.2833,C,C,adult,1,2,small,35.64165,high,51,long,Mrs,0
1,3,female,26.0,7.925,G,S,Young_Adult,0,1,loner,7.925,low,22,medium,Miss,0
1,1,female,35.0,53.1,C,S,Young_Adult,1,2,small,26.55,high,44,good,Mrs,0
0,3,male,35.0,8.05,G,S,Young_Adult,0,1,loner,8.05,low,24,medium,Mr,0
0,3,male,28.0,8.4583,G,Q,Young_Adult,0,1,loner,8.4583,low,16,short,Mr,0
0,1,male,54.0,51.8625,E,S,middle_aged,0,1,loner,51.8625,very_high,23,medium,Mr,0
0,3,male,2.0,21.075,F,S,toddler,1,5,large,4.215,low,30,medium,Master,1
1,3,female,27.0,11.1333,G,S,Young_Adult,1,3,small,3.7111,Very_low,49,long,Mrs,0
1,2,female,14.0,30.0708,T,C,teenager,1,2,small,15.0354,mid,35,medium,Mrs,1
1,3,female,4.0,16.7,G,S,toddler,1,3,small,5.566666666666666,low,31,medium,Miss,1
1,1,female,58.0,26.55,C,S,senior_citizen,0,1,loner,26.55,high,24,medium,Miss,0
0,3,male,20.0,8.05,G,S,Young_Adult,0,1,loner,8.05,low,30,medium,Mr,0
0,3,male,39.0,31.275,T,S,adult,1,7,large,4.4678571428571425,low,27,medium,Mr,0
0,3,female,14.0,7.8542,G,S,teenager,0,1,loner,7.8542,low,36,good,Miss,1
1,2,female,55.0,16.0,F,S,middle_aged,0,1,loner,16.0,mid,32,medium,Mrs,0
0,3,male,2.0,29.125,T,Q,toddler,1,6,large,4.854166666666667,low,20,short,Master,1
1,2,male,50.0,13.0,G,S,middle_aged,0,1,loner,13.0,mid,28,medium,Mr,0
0,3,female,31.0,18.0,F,S,Young_Adult,1,2,small,9.0,low,55,long,Mrs,0
1,3,female,0.92,7.225,G,C,infant,0,1,loner,7.225,low,23,medium,Mrs,1
0,2,male,35.0,26.0,F,S,Young_Adult,0,1,loner,26.0,high,20,short,Mr,0
1,2,male,34.0,13.0,D,S,Young_Adult,0,1,loner,13.0,mid,21,medium,Mr,0
1,3,female,15.0,8.0292,G,Q,teenager,0,1,loner,8.0292,low,27,medium,Miss,1
1,1,male,28.0,35.5,A,S,Young_Adult,0,1,loner,35.5,high,28,medium,Mr,0
0,3,female,8.0,21.075,F,S,child,1,5,large,4.215,low,29,medium,Miss,1
1,3,female,38.0,31.3875,T,S,adult,1,7,large,4.483928571428572,low,57,long,Mrs,0
0,3,male,36.0,7.225,G,C,adult,0,1,loner,7.225,low,23,medium,Mr,0
0,1,male,19.0,263.0,C,S,Young_Adult,1,6,large,43.833333333333336,high,30,medium,Mr,0
1,3,female,26.0,7.8792,G,Q,Young_Adult,0,1,loner,7.8792,low,29,medium,Miss,0
0,3,male,36.0,7.8958,G,S,adult,0,1,loner,7.8958,low,19,short,Mr,0
0,1,male,40.0,27.7208,T,C,adult,0,1,loner,27.7208,high,24,medium,rare,0
1,1,female,31.0,146.5208,B,C,Young_Adult,1,2,small,73.2604,very_high,46,long,Mrs,0
1,3,female,65.0,7.75,G,Q,senior_citizen,0,1,loner,7.75,low,24,medium,Miss,0
0,2,male,66.0,10.5,G,S,old,0,1,loner,10.5,mid,21,medium,Mr,0
0,1,male,28.0,82.1708,C,C,Young_Adult,1,2,small,41.0854,high,23,medium,Mr,0
0,1,male,42.0,52.0,D,S,adult,1,2,small,26.0,high,30,medium,Mr,0
1,3,male,65.0,7.2292,G,C,senior_citizen,0,1,loner,7.2292,low,16,short,Mr,0
0,3,male,21.0,8.05,G,S,Young_Adult,0,1,loner,8.05,low,24,medium,Mr,0
0,3,female,18.0,18.0,F,S,teenager,1,3,small,6.0,low,34,medium,Miss,0
1,3,female,14.0,11.2417,G,C,teenager,1,2,small,5.62085,low,27,medium,Miss,1
0,3,female,40.0,9.475,G,S,adult,1,2,small,4.7375,low,46,long,Mrs,0
0,2,female,27.0,21.0,F,S,Young_Adult,1,2,small,10.5,mid,56,long,Mrs,0
0,3,male,47.0,7.8958,G,C,middle_aged,0,1,loner,7.8958,low,19,short,Mr,0
1,2,female,3.0,41.5792,A,C,toddler,1,4,small,10.3948,mid,40,good,Miss,1
1,3,female,19.0,7.8792,G,Q,Young_Adult,0,1,loner,7.8792,low,29,medium,Miss,0
0,3,male,22.0,8.05,G,S,Young_Adult,0,1,loner,8.05,low,24,medium,Mr,0
0,3,male,26.0,15.5,F,Q,Young_Adult,1,2,small,7.75,low,17,short,Mr,0
1,3,female,4.0,7.75,G,Q,toddler,0,1,loner,7.75,low,25,medium,Miss,1
0,3,male,39.0,21.6792,F,C,adult,1,3,small,7.226400000000001,low,19,short,Mr,0
0,3,female,18.0,17.8,F,S,teenager,1,2,small,8.9,low,45,good,Mrs,0
0,3,male,7.0,39.6875,A,S,child,1,6,large,6.614583333333333,low,26,medium,Master,1
0,3,male,21.0,7.8,G,S,Young_Adult,0,1,loner,7.8,low,28,medium,Mr,0
1,1,female,49.0,76.7292,D,C,middle_aged,1,2,small,38.3646,high,40,good,Mrs,0
1,2,female,29.0,26.0,F,S,Young_Adult,1,2,small,13.0,mid,50,long,Mrs,0
0,1,male,65.0,61.9792,B,C,senior_citizen,1,2,small,30.9896,high,30,medium,Mr,0
1,1,male,21.0,35.5,C,S,Young_Adult,0,1,loner,35.5,high,17,short,Mr,0
1,2,female,21.0,10.5,G,S,Young_Adult,0,1,loner,10.5,mid,17,short,Miss,0
0,3,male,28.5,7.2292,G,C,Young_Adult,0,1,loner,7.2292,low,19,short,Mr,0
1,2,female,5.0,27.75,T,S,child,1,4,small,6.9375,low,28,medium,Miss,1
0,3,male,11.0,46.9,E,S,child,1,8,large,5.8625,low,34,medium,Master,1
0,3,male,22.0,7.2292,G,C,Young_Adult,0,1,loner,7.2292,low,21,medium,Mr,0
1,1,female,38.0,80.0,B,C,adult,0,1,loner,80.0,very_high,19,short,Miss,0
0,1,male,45.0,83.475,C,S,adult,1,2,small,41.7375,high,27,medium,Mr,0
0,3,male,4.0,27.9,T,S,toddler,1,6,large,4.6499999999999995,low,21,medium,Master,1
0,1,male,55.0,27.7208,T,C,middle_aged,0,1,loner,27.7208,high,21,medium,Mr,0
1,3,male,33.0,15.2458,G,C,Young_Adult,1,3,small,5.081933333333333,low,24,medium,Master,0
1,2,female,29.0,10.5,F,S,Young_Adult,0,1,loner,10.5,mid,28,medium,Mrs,0
0,3,male,19.0,8.1583,G,S,Young_Adult,0,1,loner,8.1583,low,24,medium,Mr,0
1,3,female,17.0,7.925,G,S,teenager,1,7,large,1.1321428571428571,Very_low,31,medium,Miss,0
0,3,male,26.0,8.6625,G,S,Young_Adult,1,3,small,2.8874999999999997,Very_low,17,short,Mr,0
0,2,male,32.0,10.5,G,S,Young_Adult,0,1,loner,10.5,mid,26,medium,Mr,0
0,3,female,16.0,46.9,E,S,teenager,1,8,large,5.8625,low,26,medium,Miss,1
0,2,male,21.0,73.5,D,S,Young_Adult,0,1,loner,73.5,very_high,20,short,Mr,0
0,3,male,26.0,14.4542,G,C,Young_Adult,1,2,small,7.2271,low,27,medium,Mr,0
1,3,male,32.0,56.4958,D,S,Young_Adult,0,1,loner,56.4958,very_high,13,short,Mr,0
0,3,male,25.0,7.65,F,S,Young_Adult,0,1,loner,7.65,low,23,medium,Mr,0
0,3,male,0.75,7.8958,G,S,infant,0,1,loner,7.8958,low,17,short,Mr,1
0,3,male,24.0,8.05,G,S,Young_Adult,0,1,loner,8.05,low,24,medium,Mr,0
1,2,male,0.83,29.0,T,S,infant,1,3,small,9.666666666666666,low,29,medium,Master,1
1,3,female,30.0,12.475,G,S,Young_Adult,0,1,loner,12.475,mid,24,medium,Miss,0
0,3,male,22.0,9.0,G,S,Young_Adult,0,1,loner,9.0,low,20,short,Mr,0
1,3,male,29.0,9.5,G,S,Young_Adult,0,1,loner,9.5,low,27,medium,Mr,0
1,3,female,39.0,7.7875,G,Q,adult,0,1,loner,7.7875,low,30,medium,Miss,0
0,1,male,28.0,47.1,E,S,Young_Adult,0,1,loner,47.1,very_high,23,medium,Mr,0
1,2,female,17.0,10.5,G,S,teenager,0,1,loner,10.5,mid,19,short,Miss,0
1,3,female,33.0,15.85,F,S,Young_Adult,1,4,small,3.9625,Very_low,55,long,Mrs,0
0,3,male,16.0,34.375,T,S,teenager,1,5,large,6.875,low,22,medium,Mr,1
0,3,male,20.0,8.05,G,S,Young_Adult,0,1,loner,8.05,low,29,medium,Mr,0
1,1,female,23.0,263.0,C,S,Young_Adult,1,6,large,43.833333333333336,high,26,medium,Miss,0
0,3,male,24.0,8.05,G,S,Young_Adult,0,1,loner,8.05,low,22,medium,Mr,0
0,3,male,29.0,8.05,G,S,Young_Adult,0,1,loner,8.05,low,20,short,Mr,0
0,3,male,20.0,7.8542,G,S,Young_Adult,0,1,loner,7.8542,low,26,medium,Mr,0
0,1,male,46.0,61.175,E,S,middle_aged,1,2,small,30.5875,high,27,medium,Mr,0
0,3,male,26.0,20.575,F,S,Young_Adult,1,4,small,5.14375,low,23,medium,Mr,0
0,3,male,59.0,7.25,G,S,senior_citizen,0,1,loner,7.25,low,17,short,Mr,0
0,3,male,40.0,8.05,G,S,adult,0,1,loner,8.05,low,27,medium,Mr,0
0,1,male,71.0,34.6542,A,C,old,0,1,loner,34.6542,high,25,medium,Mr,0
1,1,male,23.0,63.3583,D,C,Young_Adult,1,2,small,31.67915,high,31,medium,Mr,0
1,2,female,34.0,23.0,F,S,Young_Adult,1,2,small,11.5,mid,36,good,Mrs,0
0,2,male,34.0,26.0,F,S,Young_Adult,1,2,small,13.0,mid,17,short,Mr,0
0,3,female,28.0,7.8958,G,S,Young_Adult,0,1,loner,7.8958,low,23,medium,Miss,0
0,3,male,14.0,7.8958,G,S,teenager,0,1,loner,7.8958,low,32,medium,Mr,1
0,1,male,21.0,77.2875,D,S,Young_Adult,1,2,small,38.64375,high,25,medium,Mr,0
0,3,male,33.0,8.6542,G,S,Young_Adult,0,1,loner,8.6542,low,26,medium,Mr,0
0,3,male,37.0,7.925,G,S,adult,1,3,small,2.6416666666666666,Very_low,30,medium,Mr,0
0,3,male,28.0,7.8958,G,S,Young_Adult,0,1,loner,7.8958,low,21,medium,Mr,0
1,3,female,21.0,7.65,G,S,Young_Adult,0,1,loner,7.65,low,32,medium,Miss,0
1,3,male,29.0,7.775,G,S,Young_Adult,0,1,loner,7.775,low,22,medium,Mr,0
0,3,male,38.0,7.8958,G,S,adult,0,1,loner,7.8958,low,15,short,Mr,0
1,3,female,30.0,24.15,F,Q,Young_Adult,1,2,small,12.075,mid,19,short,Miss,0
0,1,male,47.0,52.0,C,S,middle_aged,0,1,loner,52.0,very_high,30,medium,Mr,0
0,3,female,14.5,14.4542,G,C,teenager,1,2,small,7.2271,low,20,short,Miss,1
0,3,male,22.0,8.05,G,S,Young_Adult,0,1,loner,8.05,low,22,medium,Mr,0
0,3,female,20.0,9.825,G,S,Young_Adult,1,2,small,4.9125,low,23,medium,Miss,0
0,3,female,17.0,14.4583,G,C,teenager,0,1,loner,14.4583,mid,21,medium,Miss,0
0,3,male,21.0,7.925,G,S,Young_Adult,0,1,loner,7.925,low,21,medium,Mr,0
0,3,male,70.5,7.75,G,Q,old,0,1,loner,7.75,low,20,short,Mr,0
0,2,male,29.0,21.0,F,S,Young_Adult,1,2,small,10.5,mid,31,medium,Mr,0
0,1,male,24.0,247.5208,B,C,Young_Adult,1,2,small,123.7604,very_high,24,medium,Mr,0
0,3,female,2.0,31.275,T,S,toddler,1,7,large,4.4678571428571425,low,33,medium,Miss,1
0,2,male,21.0,73.5,D,S,Young_Adult,1,3,small,24.5,high,27,medium,Mr,0
0,3,male,0.75,8.05,G,S,infant,0,1,loner,8.05,low,26,medium,Mr,1
0,2,male,32.5,30.0708,T,C,Young_Adult,1,2,small,15.0354,mid,20,short,Mr,0
1,2,female,32.5,13.0,E,S,Young_Adult,0,1,loner,13.0,mid,19,short,Miss,0
0,1,male,54.0,77.2875,D,S,middle_aged,1,2,small,38.64375,high,27,medium,Mr,0
1,3,male,12.0,11.2417,G,C,child,1,2,small,5.62085,low,28,medium,Master,1
0,3,male,36.0,7.75,G,Q,adult,0,1,loner,7.75,low,19,short,Mr,0
1,3,male,24.0,7.1417,G,S,Young_Adult,0,1,loner,7.1417,low,25,medium,Mr,0
1,3,female,21.0,22.3583,F,C,Young_Adult,1,3,small,7.452766666666666,low,17,short,Miss,0
0,3,male,45.0,6.975,G,S,adult,0,1,loner,6.975,low,18,short,Mr,0
0,3,male,33.0,7.8958,G,C,Young_Adult,0,1,loner,7.8958,low,20,short,Mr,0
0,3,male,20.0,7.05,G,S,Young_Adult,0,1,loner,7.05,low,30,medium,Mr,0
0,3,female,47.0,14.5,G,S,middle_aged,1,2,small,7.25,low,46,long,Mrs,0
1,2,female,29.0,26.0,F,S,Young_Adult,1,2,small,13.0,mid,45,good,Mrs,0
0,2,male,25.0,13.0,G,S,Young_Adult,0,1,loner,13.0,mid,30,medium,Mr,0
0,2,male,23.0,15.0458,G,C,Young_Adult,0,1,loner,15.0458,mid,18,short,Mr,0
1,1,female,19.0,26.2833,D,S,Young_Adult,1,3,small,8.7611,low,28,medium,Miss,0
0,1,male,37.0,53.1,C,S,adult,1,2,small,26.55,high,27,medium,Mr,0
0,3,male,16.0,9.2167,G,S,teenager,0,1,loner,9.2167,low,19,short,Mr,1
0,1,male,24.0,79.2,B,C,Young_Adult,0,1,loner,79.2,very_high,18,short,Mr,0
0,3,female,27.0,15.2458,G,C,Young_Adult,1,3,small,5.081933333333333,low,29,medium,Mrs,0
1,3,female,22.0,7.75,G,S,Young_Adult,0,1,loner,7.75,low,24,medium,Miss,0
1,3,female,24.0,15.85,F,S,Young_Adult,1,2,small,7.925,low,52,long,Mrs,0
0,3,male,19.0,6.75,G,Q,Young_Adult,0,1,loner,6.75,low,19,short,Mr,0
0,2,male,18.0,11.5,G,S,teenager,0,1,loner,11.5,mid,26,medium,Mr,0
0,2,male,19.0,36.75,T,S,Young_Adult,1,3,small,12.25,mid,28,medium,Mr,0
1,3,male,27.0,7.7958,G,S,Young_Adult,0,1,loner,7.7958,low,44,good,Mr,0
0,3,female,9.0,34.375,T,S,child,1,5,large,6.875,low,32,medium,Miss,1
0,2,male,36.5,26.0,F,S,adult,1,3,small,8.666666666666666,low,40,good,Mr,0
0,2,male,42.0,13.0,G,S,adult,0,1,loner,13.0,mid,33,medium,rare,0
0,2,male,51.0,12.525,G,S,middle_aged,0,1,loner,12.525,mid,26,medium,rare,0
1,1,female,22.0,66.6,C,S,Young_Adult,1,2,small,33.3,high,33,medium,Mrs,0
0,3,male,55.5,8.05,G,S,senior_citizen,0,1,loner,8.05,low,16,short,Mr,0
0,3,male,40.5,14.5,G,S,adult,1,3,small,4.833333333333333,low,31,medium,Mr,0
0,3,male,40.0,7.3125,G,S,adult,0,1,loner,7.3125,low,21,medium,Mr,0
0,1,male,51.0,61.3792,D,C,middle_aged,1,2,small,30.6896,high,27,medium,Mr,0
1,3,female,16.0,7.7333,G,Q,teenager,0,1,loner,7.7333,low,32,medium,Miss,1
0,3,male,30.0,8.05,G,S,Young_Adult,0,1,loner,8.05,low,15,short,Mr,0
0,3,male,32.0,8.6625,G,S,Young_Adult,0,1,loner,8.6625,low,19,short,Mr,0
0,3,male,2.0,69.55,D,S,toddler,1,11,large,6.322727272727272,low,26,medium,Master,1
0,3,male,44.0,16.1,F,S,adult,1,2,small,8.05,low,24,medium,Mr,0
1,2,female,40.0,15.75,F,S,adult,0,1,loner,15.75,mid,50,long,Mrs,0
0,3,male,26.0,7.775,G,S,Young_Adult,0,1,loner,7.775,low,26,medium,Mr,0
0,3,male,17.0,8.6625,G,S,teenager,0,1,loner,8.6625,low,15,short,Mr,0
0,3,male,1.0,39.6875,A,S,infant,1,6,large,6.614583333333333,low,28,medium,Master,1
1,3,male,9.0,20.525,F,S,child,1,3,small,6.841666666666666,low,47,long,Master,1
1,1,female,20.0,55.0,E,S,Young_Adult,1,2,small,27.5,high,38,good,Mrs,0
0,3,female,45.0,27.9,T,S,adult,1,6,large,4.6499999999999995,low,47,long,Mrs,0
0,1,male,52.0,25.925,F,S,middle_aged,0,1,loner,25.925,high,19,short,Mr,0
0,3,male,28.0,56.4958,D,S,Young_Adult,0,1,loner,56.4958,very_high,13,short,Mr,0
0,1,male,61.0,33.5,B,S,senior_citizen,0,1,loner,33.5,high,25,medium,Mr,0
0,3,male,4.0,29.125,T,Q,toddler,1,6,large,4.854166666666667,low,20,short,Master,1
1,3,female,1.0,11.1333,G,S,infant,1,3,small,3.7111,Very_low,28,medium,Miss,1
0,3,male,21.0,7.925,G,S,Young_Adult,0,1,loner,7.925,low,25,medium,Mr,0
0,1,male,56.0,30.6958,A,C,senior_citizen,0,1,loner,30.6958,high,23,medium,Mr,0
0,3,male,18.0,7.8542,G,S,teenager,1,3,small,2.6180666666666665,Very_low,22,medium,Mr,0
0,3,male,35.0,25.4667,F,S,Young_Adult,1,5,large,5.0933399999999995,low,29,medium,Master,0
0,1,female,50.0,28.7125,C,C,middle_aged,0,1,loner,28.7125,high,26,medium,Miss,0
0,2,male,30.0,13.0,G,S,Young_Adult,0,1,loner,13.0,mid,18,short,Mr,0
0,3,male,36.0,0.0,G,S,adult,0,1,loner,0.0,Very_low,19,short,Mr,0
0,3,female,42.0,69.55,D,S,adult,1,11,large,6.322727272727272,low,28,medium,Miss,0
0,2,male,38.0,15.05,G,C,adult,0,1,loner,15.05,mid,16,short,Mr,0
0,3,male,9.0,31.3875,T,S,child,1,7,large,4.483928571428572,low,37,good,Master,1
1,2,male,1.0,39.0,F,S,infant,1,4,small,9.75,low,25,medium,Master,1
1,3,female,4.0,22.025,F,S,toddler,1,3,small,7.341666666666666,low,35,medium,Miss,1
0,1,male,36.0,50.0,A,S,adult,0,1,loner,50.0,very_high,21,medium,Mr,0
1,3,female,20.0,15.5,F,Q,Young_Adult,1,2,small,7.75,low,47,long,Mrs,0
1,1,male,45.0,26.55,T,S,adult,0,1,loner,26.55,high,45,good,Mr,0
0,3,male,40.0,15.5,F,Q,adult,1,3,small,5.166666666666667,low,16,short,Mr,0
1,2,female,32.0,13.0,G,S,Young_Adult,0,1,loner,13.0,mid,19,short,Mrs,0
0,2,male,19.0,13.0,G,S,Young_Adult,0,1,loner,13.0,mid,21,medium,Mr,0
1,3,female,19.0,7.8542,G,S,Young_Adult,1,2,small,3.9271,Very_low,47,long,Miss,0
1,2,male,3.0,26.0,F,S,toddler,1,3,small,8.666666666666666,low,26,medium,Master,1
1,1,female,44.0,27.7208,B,C,adult,0,1,loner,27.7208,high,41,good,Mrs,0
1,1,female,58.0,146.5208,B,C,senior_citizen,0,1,loner,146.5208,very_high,20,short,Miss,0
0,3,male,15.0,7.75,G,Q,teenager,0,1,loner,7.75,low,19,short,Mr,1
0,3,male,42.0,8.4042,G,S,adult,1,2,small,4.2021,low,32,medium,Mr,0
1,3,female,22.0,7.75,G,Q,Young_Adult,0,1,loner,7.75,low,32,medium,Miss,0
0,2,female,24.0,13.0,G,S,Young_Adult,0,1,loner,13.0,mid,38,good,Miss,0
0,3,male,28.0,9.5,G,S,Young_Adult,0,1,loner,9.5,low,30,medium,Mr,0
0,3,male,21.0,69.55,D,S,Young_Adult,1,11,large,6.322727272727272,low,19,short,Mr,0
0,3,male,34.0,6.4958,G,S,Young_Adult,0,1,loner,6.4958,low,26,medium,Mr,0
0,3,male,45.5,7.225,G,C,middle_aged,0,1,loner,7.225,low,20,short,Mr,0
1,3,male,18.0,8.05,G,S,teenager,0,1,loner,8.05,low,24,medium,Mr,0
0,3,female,2.0,10.4625,G,S,toddler,1,2,small,5.23125,low,26,medium,Miss,1
0,3,male,32.0,15.85,F,S,Young_Adult,1,2,small,7.925,low,26,medium,Mr,0
1,3,male,26.0,18.7875,F,C,Young_Adult,0,1,loner,18.7875,mid,27,medium,Mr,0
1,3,female,16.0,7.75,G,Q,teenager,0,1,loner,7.75,low,25,medium,Miss,1
1,1,male,40.0,31.0,A,C,adult,0,1,loner,31.0,high,16,short,Mr,0
0,3,male,24.0,7.05,G,S,Young_Adult,0,1,loner,7.05,low,14,short,Mr,0
1,2,female,35.0,21.0,F,S,Young_Adult,0,1,loner,21.0,high,26,medium,Miss,0
0,3,male,22.0,7.25,G,S,Young_Adult,0,1,loner,7.25,low,22,medium,Mr,0
0,2,male,30.0,13.0,G,S,Young_Adult,0,1,loner,13.0,mid,27,medium,Mr,0
0,3,male,42.0,7.75,G,Q,adult,1,2,small,3.875,Very_low,19,short,Mr,0
1,1,female,31.0,113.275,D,C,Young_Adult,1,2,small,56.6375,very_high,23,medium,Miss,0
1,3,female,27.0,7.925,G,S,Young_Adult,0,1,loner,7.925,low,22,medium,Miss,0
0,2,male,42.0,27.0,T,S,adult,1,2,small,13.5,mid,28,medium,Mr,0
1,1,female,32.0,76.2917,D,C,Young_Adult,0,1,loner,76.2917,very_high,21,medium,Miss,0
0,2,male,30.0,10.5,G,S,Young_Adult,0,1,loner,10.5,mid,18,short,Mr,0
1,3,male,16.0,8.05,G,S,teenager,0,1,loner,8.05,low,30,medium,Mr,1
0,2,male,27.0,13.0,G,S,Young_Adult,0,1,loner,13.0,mid,20,short,Mr,0
0,3,male,51.0,8.05,G,S,middle_aged,0,1,loner,8.05,low,23,medium,Mr,0
0,3,male,21.0,7.8958,G,S,Young_Adult,0,1,loner,7.8958,low,20,short,Mr,0
1,1,male,38.0,90.0,C,S,adult,1,2,small,45.0,high,28,medium,Mr,0
0,3,male,22.0,9.35,G,S,Young_Adult,0,1,loner,9.35,low,28,medium,Mr,0
1,2,male,19.0,10.5,G,S,Young_Adult,0,1,loner,10.5,mid,25,medium,Mr,0
0,3,male,20.5,7.25,G,S,Young_Adult,0,1,loner,7.25,low,31,medium,Mr,0
0,2,male,18.0,13.0,G,S,teenager,0,1,loner,13.0,mid,25,medium,Mr,0
0,3,female,28.0,25.4667,F,S,Young_Adult,1,5,large,5.0933399999999995,low,23,medium,Miss,0
1,1,female,35.0,83.475,C,S,Young_Adult,1,2,small,41.7375,high,44,good,Mrs,0
0,3,male,29.0,7.775,G,S,Young_Adult,0,1,loner,7.775,low,24,medium,Mr,0
0,2,male,59.0,13.5,G,S,senior_citizen,0,1,loner,13.5,mid,25,medium,Mr,0
1,3,female,5.0,31.3875,T,S,child,1,7,large,4.483928571428572,low,30,medium,Miss,1
0,2,male,24.0,10.5,G,S,Young_Adult,0,1,loner,10.5,mid,33,medium,Mr,0
0,3,female,5.0,7.55,G,S,child,0,1,loner,7.55,low,28,medium,Miss,1
0,2,male,44.0,26.0,F,S,adult,1,2,small,13.0,mid,17,short,Mr,0
1,2,female,8.0,26.25,F,S,child,1,3,small,8.75,low,32,medium,Miss,1
0,2,male,19.0,10.5,G,S,Young_Adult,0,1,loner,10.5,mid,31,medium,Mr,0
0,2,male,33.0,12.275,G,S,Young_Adult,0,1,loner,12.275,mid,22,medium,Mr,0
0,3,female,3.0,14.4542,G,C,toddler,1,2,small,7.2271,low,21,medium,Miss,1
1,3,female,24.0,15.5,F,Q,Young_Adult,1,2,small,7.75,low,30,medium,Miss,0
0,2,male,29.0,10.5,G,S,Young_Adult,0,1,loner,10.5,mid,31,medium,Mr,0
0,3,male,22.0,7.125,G,S,Young_Adult,0,1,loner,7.125,low,29,medium,Mr,0
0,3,male,30.0,7.225,G,C,Young_Adult,0,1,loner,7.225,low,20,short,Mr,0
0,1,male,44.0,90.0,C,Q,adult,1,3,small,30.0,high,27,medium,rare,0
0,3,female,25.0,7.775,G,S,Young_Adult,0,1,loner,7.775,low,37,good,Miss,0
1,2,female,24.0,14.5,G,S,Young_Adult,1,3,small,4.833333333333333,low,31,medium,Mrs,0
1,1,male,37.0,52.5542,D,S,adult,1,3,small,17.518066666666666,mid,29,medium,Mr,0
0,2,male,54.0,26.0,F,S,middle_aged,1,2,small,13.0,mid,29,medium,rare,0
0,3,male,35.0,7.25,G,S,Young_Adult,0,1,loner,7.25,low,22,medium,Mr,0
0,3,female,29.0,10.4625,G,S,Young_Adult,1,3,small,3.4875000000000003,Very_low,42,good,Mrs,0
0,1,male,62.0,26.55,C,S,senior_citizen,0,1,loner,26.55,high,25,medium,Mr,0
0,3,male,30.0,16.1,F,S,Young_Adult,1,2,small,8.05,low,24,medium,Mr,0
0,3,female,41.0,20.2125,F,S,adult,1,3,small,6.7375,low,40,good,Mrs,0
1,3,female,29.0,15.2458,G,C,Young_Adult,1,3,small,5.081933333333333,low,39,good,Mrs,0
1,1,female,28.0,79.2,C,C,Young_Adult,0,1,loner,79.2,very_high,30,medium,Mrs,0
1,1,female,30.0,86.5,B,S,Young_Adult,0,1,loner,86.5,very_high,20,short,Miss,0
1,2,female,50.0,26.0,F,S,middle_aged,1,2,small,13.0,mid,27,medium,Mrs,0
0,3,male,38.0,7.75,G,Q,adult,0,1,loner,7.75,low,17,short,Mr,0
1,3,male,3.0,31.3875,T,S,toddler,1,7,large,4.483928571428572,low,33,medium,Master,1
0,1,male,52.0,79.65,E,S,middle_aged,1,3,small,26.55,high,17,short,Mr,0
0,1,male,40.0,0.0,B,S,adult,0,1,loner,0.0,Very_low,21,medium,Mr,0
0,3,female,24.0,7.75,G,Q,Young_Adult,0,1,loner,7.75,low,18,short,Miss,0
0,2,male,36.0,10.5,G,S,adult,0,1,loner,10.5,mid,17,short,Mr,0
0,3,male,16.0,39.6875,A,S,teenager,1,6,large,6.614583333333333,low,25,medium,Mr,1
1,3,male,25.0,7.775,G,S,Young_Adult,1,2,small,3.8875,Very_low,24,medium,Mr,0
1,1,female,58.0,153.4625,C,S,senior_citizen,1,2,small,76.73125,very_high,45,good,Mrs,0
1,1,female,35.0,135.6333,C,S,Young_Adult,0,1,loner,135.6333,very_high,22,medium,Miss,0
0,1,male,25.0,31.0,T,S,Young_Adult,0,1,loner,31.0,high,21,medium,Mr,0
1,3,male,25.0,0.0,G,S,Young_Adult,0,1,loner,0.0,Very_low,28,medium,Mr,0
1,2,female,41.0,19.5,F,S,adult,1,2,small,9.75,low,41,good,Mrs,0
0,1,male,37.0,29.7,C,C,adult,1,2,small,14.85,mid,21,medium,Mr,0
1,3,female,32.0,7.75,G,Q,Young_Adult,0,1,loner,7.75,low,26,medium,Miss,0
1,1,female,63.0,77.9583,D,S,senior_citizen,1,2,small,38.97915,high,33,medium,Miss,0
0,3,female,45.0,7.75,G,S,adult,0,1,loner,7.75,low,33,medium,Miss,0
0,2,male,57.0,0.0,G,S,senior_citizen,0,1,loner,0.0,Very_low,27,medium,Mr,0
0,3,male,7.0,29.125,T,Q,child,1,6,large,4.854166666666667,low,18,short,Master,1
1,3,female,35.0,20.25,F,S,Young_Adult,1,3,small,6.75,low,32,medium,Mrs,0
0,3,male,65.0,7.75,G,Q,senior_citizen,0,1,loner,7.75,low,16,short,Mr,0
0,3,male,28.0,7.8542,G,S,Young_Adult,0,1,loner,7.8542,low,32,medium,Mr,0
0,3,male,16.0,9.5,G,S,teenager,0,1,loner,9.5,low,25,medium,Mr,1
1,3,male,19.0,8.05,G,S,Young_Adult,0,1,loner,8.05,low,26,medium,Mr,0
0,1,male,25.0,26.0,A,S,Young_Adult,0,1,loner,26.0,high,26,medium,Mr,0
0,3,male,33.0,8.6625,G,C,Young_Adult,0,1,loner,8.6625,low,19,short,Mr,0
1,3,male,30.0,9.5,G,S,Young_Adult,0,1,loner,9.5,low,23,medium,Mr,0
0,3,male,22.0,7.8958,G,S,Young_Adult,0,1,loner,7.8958,low,20,short,Mr,0
1,2,male,42.0,13.0,G,S,adult,0,1,loner,13.0,mid,20,short,Mr,0
1,3,female,22.0,7.75,G,Q,Young_Adult,0,1,loner,7.75,low,20,short,Miss,0
1,1,female,26.0,78.85,C,S,Young_Adult,0,1,loner,78.85,very_high,28,medium,Miss,0
1,1,female,19.0,91.0792,B,C,Young_Adult,1,2,small,45.5396,very_high,39,good,Mrs,0
0,2,male,36.0,12.875,D,C,adult,0,1,loner,12.875,mid,22,medium,Mr,0
0,3,female,24.0,8.85,G,S,Young_Adult,0,1,loner,8.85,low,19,short,Miss,0
0,3,male,24.0,7.8958,G,S,Young_Adult,0,1,loner,7.8958,low,16,short,Mr,0
0,1,male,13.0,27.7208,T,C,child,0,1,loner,27.7208,high,17,short,Mr,1
0,3,male,23.5,7.2292,G,C,Young_Adult,0,1,loner,7.2292,low,18,short,Mr,0
0,1,female,2.0,151.55,C,S,toddler,1,4,small,37.8875,high,28,medium,Miss,1
1,1,male,25.0,30.5,C,S,Young_Adult,0,1,loner,30.5,high,21,medium,Mr,0
1,1,female,50.0,247.5208,B,C,middle_aged,1,2,small,123.7604,very_high,47,long,Mrs,0
1,3,female,62.0,7.75,G,Q,senior_citizen,0,1,loner,7.75,low,40,good,Miss,0
1,3,male,42.0,23.25,F,Q,adult,1,3,small,7.75,low,18,short,Mr,0
0,3,male,19.0,0.0,G,S,Young_Adult,0,1,loner,0.0,Very_low,31,medium,Mr,0
1,2,female,38.0,12.35,E,Q,adult,0,1,loner,12.35,mid,19,short,Miss,0
0,3,male,51.0,8.05,G,S,middle_aged,0,1,loner,8.05,low,33,medium,Mr,0
1,1,male,0.92,151.55,C,S,infant,1,4,small,37.8875,high,30,medium,Master,1
1,1,female,26.0,110.8833,B,C,Young_Adult,0,1,loner,110.8833,very_high,23,medium,Miss,0
1,1,female,17.0,108.9,C,C,teenager,1,2,small,54.45,very_high,82,long,Mrs,0
0,2,male,30.0,24.0,F,C,Young_Adult,1,2,small,12.0,mid,19,short,Mr,0
1,1,female,30.0,56.9292,E,C,Young_Adult,0,1,loner,56.9292,very_high,30,medium,Miss,0
1,1,female,24.0,83.1583,C,C,Young_Adult,0,1,loner,83.1583,very_high,30,medium,Miss,0
1,1,female,18.0,262.375,B,C,teenager,1,5,large,52.475,very_high,26,medium,Miss,0
0,2,female,26.0,26.0,F,S,Young_Adult,1,3,small,8.666666666666666,low,37,good,Mrs,0
0,3,male,28.0,7.8958,G,S,Young_Adult,0,1,loner,7.8958,low,22,medium,Mr,0
0,2,male,43.0,26.25,F,S,adult,1,3,small,8.75,low,18,short,Mr,0
1,3,female,26.0,7.8542,G,S,Young_Adult,0,1,loner,7.8542,low,31,medium,Miss,0
1,2,female,24.0,26.0,F,S,Young_Adult,1,2,small,13.0,mid,35,medium,Mrs,0
0,2,male,54.0,14.0,G,S,middle_aged,0,1,loner,14.0,mid,20,short,rare,0
1,1,female,31.0,164.8667,C,S,Young_Adult,1,3,small,54.95556666666667,very_high,24,medium,Miss,0
1,1,female,40.0,134.5,E,C,adult,1,3,small,44.833333333333336,high,56,long,Mrs,0
0,3,male,22.0,7.25,G,S,Young_Adult,0,1,loner,7.25,low,18,short,Mr,0
0,3,male,27.0,7.8958,G,S,Young_Adult,0,1,loner,7.8958,low,16,short,Mr,0
1,2,female,30.0,12.35,G,Q,Young_Adult,0,1,loner,12.35,mid,25,medium,Miss,0
1,2,female,22.0,29.0,T,S,Young_Adult,1,3,small,9.666666666666666,low,51,long,Mrs,0
0,3,male,20.0,69.55,D,S,Young_Adult,1,11,large,6.322727272727272,low,24,medium,Mr,0
1,1,female,36.0,135.6333,C,C,adult,0,1,loner,135.6333,very_high,24,medium,Miss,0
0,3,male,61.0,6.2375,G,S,senior_citizen,0,1,loner,6.2375,low,25,medium,Mr,0
1,2,female,36.0,13.0,D,S,adult,0,1,loner,13.0,mid,23,medium,Mrs,0
1,3,female,31.0,20.525,F,S,Young_Adult,1,3,small,6.841666666666666,low,46,long,Mrs,0
1,1,female,16.0,57.9792,B,C,teenager,1,2,small,28.9896,high,28,medium,Miss,1
1,3,female,16.0,23.25,F,Q,teenager,1,3,small,7.75,low,18,short,Miss,1
0,1,male,45.5,28.5,C,S,middle_aged,0,1,loner,28.5,high,19,short,Mr,0
0,1,male,38.0,153.4625,C,S,adult,1,2,small,76.73125,very_high,25,medium,Mr,0
0,3,male,16.0,18.0,F,S,teenager,1,3,small,6.0,low,31,medium,Mr,1
1,1,female,29.0,133.65,B,S,Young_Adult,1,2,small,66.825,very_high,50,long,Mrs,0
0,3,male,40.0,7.8958,G,S,adult,0,1,loner,7.8958,low,18,short,Mr,0
0,1,male,29.0,66.6,C,S,Young_Adult,1,2,small,33.3,high,25,medium,Mr,0
1,1,female,41.0,134.5,E,C,adult,0,1,loner,134.5,very_high,31,medium,Miss,0
1,3,male,45.0,8.05,G,S,adult,0,1,loner,8.05,low,21,medium,Mr,0
0,1,male,45.0,35.5,T,S,adult,0,1,loner,35.5,high,28,medium,Mr,0
1,2,male,2.0,26.0,F,S,toddler,1,3,small,8.666666666666666,low,30,medium,Master,1
1,1,female,24.0,263.0,C,S,Young_Adult,1,6,large,43.833333333333336,high,30,medium,Miss,0
0,2,male,28.0,13.0,G,S,Young_Adult,0,1,loner,13.0,mid,26,medium,Mr,0
0,2,male,25.0,13.0,G,S,Young_Adult,0,1,loner,13.0,mid,42,good,Mr,0
0,2,male,36.0,13.0,G,S,adult,0,1,loner,13.0,mid,23,medium,Mr,0
1,2,female,24.0,13.0,F,S,Young_Adult,0,1,loner,13.0,mid,29,medium,Miss,0
1,2,female,40.0,13.0,G,S,adult,0,1,loner,13.0,mid,25,medium,Miss,0
1,3,female,35.0,16.1,F,S,Young_Adult,1,2,small,8.05,low,41,good,Mrs,0
1,3,male,3.0,15.9,F,S,toddler,1,3,small,5.3,low,38,good,Master,1
0,3,male,42.0,8.6625,G,S,adult,0,1,loner,8.6625,low,16,short,Mr,0
0,3,male,23.0,9.225,G,S,Young_Adult,0,1,loner,9.225,low,22,medium,Mr,0
0,1,male,2.0,35.0,C,S,toddler,0,1,loner,35.0,high,38,good,Mr,1
0,3,male,15.0,7.2292,G,C,teenager,1,3,small,2.409733333333333,Very_low,18,short,Mr,1
0,3,male,25.0,17.8,F,S,Young_Adult,1,2,small,8.9,low,25,medium,Mr,0
0,3,male,23.0,7.225,G,C,Young_Adult,0,1,loner,7.225,low,17,short,Mr,0
0,3,male,28.0,9.5,G,S,Young_Adult,0,1,loner,9.5,low,27,medium,Mr,0
1,1,female,22.0,55.0,E,S,Young_Adult,1,2,small,27.5,high,27,medium,Miss,0
0,2,female,38.0,13.0,G,S,adult,0,1,loner,13.0,mid,25,medium,Miss,0
1,3,female,22.0,7.8792,G,Q,Young_Adult,0,1,loner,7.8792,low,20,short,Miss,0
1,3,female,36.0,7.8792,G,Q,adult,0,1,loner,7.8792,low,33,medium,Miss,0
0,3,male,40.0,27.9,T,S,adult,1,6,large,4.6499999999999995,low,18,short,Mr,0
0,2,male,29.0,27.7208,T,C,Young_Adult,1,2,small,13.8604,mid,25,medium,Mr,0
0,3,female,45.0,14.4542,G,C,adult,1,2,small,7.2271,low,31,medium,Mrs,0
0,3,male,35.0,7.05,G,S,Young_Adult,0,1,loner,7.05,low,15,short,Mr,0
0,3,male,18.0,15.5,F,Q,teenager,1,2,small,7.75,low,19,short,Mr,0
0,3,male,30.0,7.25,G,S,Young_Adult,0,1,loner,7.25,low,30,medium,Mr,0
1,1,female,60.0,75.25,D,C,senior_citizen,1,2,small,37.625,high,48,long,Mrs,0
1,3,female,39.0,7.2292,G,C,adult,0,1,loner,7.2292,low,30,medium,Mrs,0
1,3,female,58.0,7.75,G,Q,senior_citizen,0,1,loner,7.75,low,19,short,Miss,0
1,1,female,24.0,69.3,B,C,Young_Adult,0,1,loner,69.3,very_high,29,medium,Mrs,0
1,1,male,25.0,55.4417,E,C,Young_Adult,1,2,small,27.72085,high,27,medium,Mr,0
0,3,male,18.0,6.4958,G,S,teenager,1,2,small,3.2479,Very_low,25,medium,Mr,0
0,3,male,19.0,8.05,G,S,Young_Adult,0,1,loner,8.05,low,26,medium,Mr,0
0,1,male,22.0,135.6333,B,C,Young_Adult,0,1,loner,135.6333,very_high,19,short,Mr,0
0,3,female,3.0,21.075,F,S,toddler,1,5,large,4.215,low,26,medium,Miss,1
1,1,female,27.0,82.1708,C,C,Young_Adult,1,2,small,41.0854,high,37,good,Mrs,0
1,3,female,22.0,7.25,G,S,Young_Adult,0,1,loner,7.25,low,31,medium,Miss,0
0,1,male,27.0,211.5,C,C,Young_Adult,1,3,small,70.5,very_high,25,medium,Mr,0
0,3,male,20.0,4.0125,G,C,Young_Adult,0,1,loner,4.0125,low,19,short,Mr,0
0,3,male,19.0,7.775,G,S,Young_Adult,0,1,loner,7.775,low,27,medium,Mr,0
1,1,female,42.0,227.525,B,C,adult,0,1,loner,227.525,very_high,21,medium,Miss,0
1,3,female,1.0,15.7417,F,C,infant,1,3,small,5.247233333333333,low,27,medium,Miss,1
0,3,male,32.0,7.925,G,S,Young_Adult,0,1,loner,7.925,low,18,short,Mr,0
1,1,female,35.0,52.0,D,S,Young_Adult,1,2,small,26.0,high,51,long,Mrs,0
0,3,male,18.0,7.8958,G,S,teenager,0,1,loner,7.8958,low,22,medium,Mr,0
0,2,male,18.0,73.5,D,S,teenager,0,1,loner,73.5,very_high,25,medium,Mr,0
0,3,male,1.0,46.9,E,S,infant,1,8,large,5.8625,low,31,medium,Master,1
1,2,female,36.0,13.0,G,S,adult,0,1,loner,13.0,mid,16,short,Miss,0
0,3,male,19.0,7.7292,G,Q,Young_Adult,0,1,loner,7.7292,low,20,short,Mr,0
1,2,female,17.0,12.0,G,C,teenager,0,1,loner,12.0,mid,21,medium,Miss,0
1,1,male,36.0,120.0,B,S,adult,1,4,small,30.0,high,26,medium,Mr,0
1,3,male,21.0,7.7958,G,S,Young_Adult,0,1,loner,7.7958,low,22,medium,Mr,0
0,3,male,28.0,7.925,G,S,Young_Adult,1,3,small,2.6416666666666666,Very_low,28,medium,Mr,0
1,1,female,23.0,113.275,D,C,Young_Adult,1,2,small,56.6375,very_high,22,medium,Miss,0
1,3,female,24.0,16.7,G,S,Young_Adult,1,3,small,5.566666666666666,low,51,long,Mrs,0
0,3,male,22.0,7.7958,G,S,Young_Adult,0,1,loner,7.7958,low,19,short,Mr,0
0,3,female,31.0,7.8542,G,S,Young_Adult,0,1,loner,7.8542,low,19,short,Miss,0
0,2,male,46.0,26.0,F,S,middle_aged,0,1,loner,26.0,high,23,medium,Mr,0
0,2,male,23.0,10.5,G,S,Young_Adult,0,1,loner,10.5,mid,16,short,rare,0
1,2,female,28.0,12.65,G,S,Young_Adult,0,1,loner,12.65,mid,32,medium,Mrs,0
1,3,male,39.0,7.925,G,S,adult,0,1,loner,7.925,low,18,short,Mr,0
0,3,male,26.0,8.05,G,S,Young_Adult,0,1,loner,8.05,low,15,short,Mr,0
0,3,female,21.0,9.825,G,S,Young_Adult,1,2,small,4.9125,low,24,medium,Miss,0
0,3,male,28.0,15.85,F,S,Young_Adult,1,2,small,7.925,low,30,medium,Mr,0
0,3,female,20.0,8.6625,G,S,Young_Adult,0,1,loner,8.6625,low,23,medium,Miss,0
0,2,male,34.0,21.0,F,S,Young_Adult,1,2,small,10.5,mid,18,short,Mr,0
0,3,male,51.0,7.75,G,S,middle_aged,0,1,loner,7.75,low,32,medium,Mr,0
1,2,male,3.0,18.75,F,S,toddler,1,3,small,6.25,low,30,medium,Master,1
0,3,male,21.0,7.775,G,S,Young_Adult,0,1,loner,7.775,low,33,medium,Mr,0
0,3,female,29.0,25.4667,F,S,Young_Adult,1,5,large,5.0933399999999995,low,18,short,Miss,0
0,3,male,23.0,7.8958,G,S,Young_Adult,0,1,loner,7.8958,low,18,short,Mr,0
0,3,male,0.42,6.8583,G,Q,infant,0,1,loner,6.8583,low,15,short,Mr,1
1,1,female,33.0,90.0,C,Q,Young_Adult,1,2,small,45.0,high,22,medium,Miss,0
0,2,male,49.0,0.0,G,S,middle_aged,0,1,loner,0.0,Very_low,30,medium,Mr,0
1,3,male,44.0,7.925,G,S,adult,0,1,loner,7.925,low,25,medium,Mr,0
0,3,female,45.0,8.05,G,S,adult,0,1,loner,8.05,low,39,good,Mrs,0
1,2,female,34.0,32.5,T,S,Young_Adult,1,3,small,10.833333333333334,mid,47,long,Mrs,0
1,2,female,18.0,13.0,G,S,teenager,1,3,small,4.333333333333333,low,29,medium,Miss,0
0,2,male,30.0,13.0,G,S,Young_Adult,0,1,loner,13.0,mid,26,medium,Mr,0
0,3,female,10.0,24.15,F,S,child,1,3,small,8.049999999999999,low,25,medium,Miss,1
0,3,male,33.0,7.8958,G,C,Young_Adult,0,1,loner,7.8958,low,22,medium,Mr,0
0,3,male,21.0,7.7333,G,Q,Young_Adult,0,1,loner,7.7333,low,19,short,Mr,0
0,3,male,29.0,7.875,G,S,Young_Adult,0,1,loner,7.875,low,18,short,Mr,0
0,3,female,28.0,14.4,G,S,Young_Adult,1,3,small,4.8,low,54,long,Mrs,0
0,3,male,18.0,20.2125,F,S,teenager,1,3,small,6.7375,low,27,medium,Mr,0
0,3,male,58.0,7.25,G,S,senior_citizen,0,1,loner,7.25,low,22,medium,Mr,0
1,2,female,28.0,26.0,F,S,Young_Adult,1,2,small,13.0,mid,43,good,Mrs,0
1,2,female,19.0,26.0,F,S,Young_Adult,0,1,loner,26.0,high,67,long,Miss,0
0,3,male,24.0,7.75,G,Q,Young_Adult,0,1,loner,7.75,low,16,short,Mr,0
1,3,male,32.0,8.05,E,S,Young_Adult,0,1,loner,8.05,low,34,medium,Mr,0
1,1,male,28.0,26.55,C,S,Young_Adult,0,1,loner,26.55,high,41,good,Mr,0
1,3,female,34.0,16.1,F,S,Young_Adult,1,2,small,8.05,low,49,long,Mrs,0
1,2,female,42.0,26.0,F,S,adult,1,2,small,13.0,mid,51,long,Mrs,0
0,3,male,17.0,7.125,G,S,teenager,0,1,loner,7.125,low,26,medium,Mr,0
0,1,male,50.0,55.9,E,S,middle_aged,1,2,small,27.95,high,25,medium,Mr,0
1,1,female,14.0,120.0,B,S,teenager,1,4,small,30.0,high,25,medium,Miss,1
0,3,female,21.0,34.375,T,S,Young_Adult,1,5,large,6.875,low,36,good,Miss,0
1,2,female,24.0,18.75,F,S,Young_Adult,1,6,large,3.125,Very_low,37,good,Mrs,0
0,1,male,64.0,263.0,C,S,senior_citizen,1,6,large,43.833333333333336,high,17,short,Mr,0
0,2,male,31.0,10.5,G,S,Young_Adult,0,1,loner,10.5,mid,38,good,Mr,0
1,2,female,45.0,26.25,F,S,adult,1,3,small,8.75,low,43,good,Mrs,0
0,3,male,20.0,9.5,G,S,Young_Adult,0,1,loner,9.5,low,15,short,Mr,0
0,3,male,25.0,7.775,G,S,Young_Adult,1,2,small,3.8875,Very_low,25,medium,Mr,0
1,2,female,28.0,13.0,G,S,Young_Adult,0,1,loner,13.0,mid,25,medium,Miss,0
1,3,male,39.0,8.1125,G,S,adult,0,1,loner,8.1125,low,33,medium,Mr,0
1,1,male,4.0,81.8583,A,S,toddler,1,3,small,27.2861,high,25,medium,Master,1
1,2,female,13.0,19.5,F,S,child,1,2,small,9.75,low,33,medium,Miss,1
1,1,male,34.0,26.55,T,S,Young_Adult,0,1,loner,26.55,high,27,medium,Mr,0
1,3,female,5.0,19.2583,F,C,child,1,4,small,4.814575,low,30,medium,Miss,1
1,1,male,52.0,30.5,C,S,middle_aged,0,1,loner,30.5,high,30,medium,rare,0
0,2,male,36.0,27.75,T,S,adult,1,4,small,6.9375,low,21,medium,Mr,0
0,3,male,31.0,19.9667,F,S,Young_Adult,1,2,small,9.98335,low,31,medium,Mr,0
0,1,male,30.0,27.75,C,C,Young_Adult,0,1,loner,27.75,high,31,medium,Mr,0
1,1,male,49.0,89.1042,C,C,middle_aged,1,2,small,44.5521,high,24,medium,Mr,0
0,3,male,57.0,8.05,G,S,senior_citizen,0,1,loner,8.05,low,19,short,Mr,0
1,3,male,29.0,7.8958,G,C,Young_Adult,0,1,loner,7.8958,low,18,short,Mr,0
0,1,male,65.0,26.55,E,S,senior_citizen,0,1,loner,26.55,high,25,medium,Mr,0
1,1,female,22.0,51.8625,D,S,Young_Adult,1,2,small,25.93125,high,33,medium,Mrs,0
1,2,female,50.0,10.5,G,S,middle_aged,0,1,loner,10.5,mid,19,short,Miss,0
0,3,male,23.5,7.75,G,Q,Young_Adult,0,1,loner,7.75,low,21,medium,Mr,0
1,1,male,48.0,26.55,E,S,middle_aged,0,1,loner,26.55,high,19,short,Mr,0
0,3,male,34.0,8.05,G,S,Young_Adult,0,1,loner,8.05,low,19,short,Mr,0
0,1,male,47.0,38.5,E,S,middle_aged,0,1,loner,38.5,high,17,short,Mr,0
0,2,male,48.0,13.0,G,S,middle_aged,0,1,loner,13.0,mid,28,medium,Mr,0
0,3,male,23.0,8.05,G,S,Young_Adult,0,1,loner,8.05,low,18,short,Mr,0
0,3,male,38.0,7.05,G,S,adult,0,1,loner,7.05,low,31,medium,Mr,0
0,2,male,8.0,0.0,G,S,child,0,1,loner,0.0,Very_low,21,medium,Mr,1
0,1,male,56.0,26.55,T,S,senior_citizen,0,1,loner,26.55,high,26,medium,Mr,0
0,3,male,62.0,7.725,G,Q,senior_citizen,0,1,loner,7.725,low,18,short,Mr,0
1,3,female,0.75,19.2583,F,C,infant,1,4,small,4.814575,low,29,medium,Miss,1
0,3,male,4.0,7.25,G,S,toddler,0,1,loner,7.25,low,17,short,Mr,1
0,3,male,38.0,8.6625,G,S,adult,0,1,loner,8.6625,low,15,short,Mr,0
1,2,female,33.0,27.75,T,S,Young_Adult,1,4,small,6.9375,low,39,good,Mrs,0
1,2,female,23.0,13.7917,D,C,Young_Adult,0,1,loner,13.7917,mid,44,good,Mrs,0
0,3,female,22.0,9.8375,G,S,Young_Adult,0,1,loner,9.8375,low,27,medium,Miss,0
0,1,male,33.0,52.0,A,S,Young_Adult,0,1,loner,52.0,very_high,27,medium,Mr,0
0,2,male,34.0,21.0,F,S,Young_Adult,1,2,small,10.5,mid,23,medium,Mr,0
0,3,male,29.0,7.0458,G,S,Young_Adult,1,2,small,3.5229,Very_low,25,medium,Mr,0
0,3,male,22.0,7.5208,G,S,Young_Adult,0,1,loner,7.5208,low,25,medium,Mr,0
1,3,female,2.0,12.2875,G,S,toddler,1,2,small,6.14375,low,24,medium,Miss,1
0,3,male,9.0,46.9,E,S,child,1,8,large,5.8625,low,30,medium,Master,1
0,2,male,18.0,0.0,G,S,teenager,0,1,loner,0.0,Very_low,32,medium,Mr,0
0,3,male,50.0,8.05,G,S,middle_aged,0,1,loner,8.05,low,24,medium,Mr,0
1,3,female,63.0,9.5875,G,S,senior_citizen,0,1,loner,9.5875,low,22,medium,Mrs,0
1,1,male,25.0,91.0792,B,C,Young_Adult,1,2,small,45.5396,very_high,23,medium,Mr,0
0,3,female,26.0,25.4667,F,S,Young_Adult,1,5,large,5.0933399999999995,low,22,medium,Miss,0
1,1,female,35.0,90.0,C,S,Young_Adult,1,2,small,45.0,high,47,long,Mrs,0
0,1,male,58.0,29.7,B,C,senior_citizen,0,1,loner,29.7,high,23,medium,Mr,0
0,3,male,30.0,8.05,G,S,Young_Adult,0,1,loner,8.05,low,29,medium,Mr,0
1,3,male,9.0,15.9,F,S,child,1,3,small,5.3,low,37,good,Master,1
0,3,male,32.0,19.9667,F,S,Young_Adult,1,2,small,9.98335,low,36,good,Mr,0
0,3,male,21.0,7.25,G,S,Young_Adult,0,1,loner,7.25,low,19,short,Mr,0
0,1,male,55.0,30.5,C,S,middle_aged,0,1,loner,30.5,high,26,medium,Mr,0
0,1,male,71.0,49.5042,E,C,old,0,1,loner,49.5042,very_high,23,medium,Mr,0
0,3,male,21.0,8.05,G,S,Young_Adult,0,1,loner,8.05,low,26,medium,Mr,0
0,3,male,24.0,14.4583,G,C,Young_Adult,0,1,loner,14.4583,mid,21,medium,Mr,0
1,1,female,54.0,78.2667,D,C,middle_aged,1,2,small,39.13335,high,30,medium,Miss,0
0,3,male,28.0,15.1,G,S,Young_Adult,0,1,loner,15.1,mid,31,medium,Mr,0
0,1,female,25.0,151.55,C,S,Young_Adult,1,4,small,37.8875,high,47,long,Mrs,0
0,3,male,24.0,7.7958,G,S,Young_Adult,0,1,loner,7.7958,low,18,short,Mr,0
0,3,male,17.0,8.6625,G,S,teenager,0,1,loner,8.6625,low,16,short,Mr,0
0,3,female,21.0,7.75,G,Q,Young_Adult,0,1,loner,7.75,low,19,short,Miss,0
0,3,female,45.0,7.6292,G,Q,adult,0,1,loner,7.6292,low,30,medium,Miss,0
0,3,female,37.0,9.5875,G,S,adult,0,1,loner,9.5875,low,30,medium,Miss,0
1,1,female,16.0,86.5,B,S,teenager,0,1,loner,86.5,very_high,21,medium,Miss,1
0,1,male,18.0,108.9,C,C,teenager,1,2,small,54.45,very_high,42,good,Mr,0
1,2,female,33.0,26.0,F,S,Young_Adult,1,3,small,8.666666666666666,low,45,good,Mrs,0
1,1,male,36.0,26.55,T,S,adult,0,1,loner,26.55,high,45,good,Mr,0
0,3,male,28.0,22.525,F,S,Young_Adult,0,1,loner,22.525,high,24,medium,Mr,0
1,3,male,26.0,56.4958,D,S,Young_Adult,0,1,loner,56.4958,very_high,14,short,Mr,0
1,3,male,29.0,7.75,G,Q,Young_Adult,0,1,loner,7.75,low,24,medium,Mr,0
0,3,male,19.0,8.05,G,S,Young_Adult,0,1,loner,8.05,low,17,short,Mr,0
1,1,male,36.0,26.2875,E,S,adult,0,1,loner,26.2875,high,25,medium,Mr,0
1,1,female,54.0,59.4,D,C,middle_aged,1,2,small,29.7,high,46,long,Mrs,0
0,3,male,24.0,7.4958,G,S,Young_Adult,0,1,loner,7.4958,low,17,short,Mr,0
0,1,male,47.0,34.0208,D,S,middle_aged,0,1,loner,34.0208,high,28,medium,Mr,0
1,2,female,34.0,10.5,F,S,Young_Adult,0,1,loner,10.5,mid,28,medium,Mrs,0
0,3,male,29.0,24.15,F,Q,Young_Adult,0,1,loner,24.15,high,17,short,Mr,0
1,2,female,36.0,26.0,F,S,adult,1,2,small,13.0,mid,52,long,Mrs,0
0,3,male,32.0,7.8958,G,S,Young_Adult,0,1,loner,7.8958,low,19,short,Mr,0
1,1,female,30.0,93.5,B,S,Young_Adult,0,1,loner,93.5,very_high,21,medium,Miss,0
0,3,male,22.0,7.8958,G,S,Young_Adult,0,1,loner,7.8958,low,15,short,Mr,0
0,3,male,24.0,7.225,G,C,Young_Adult,0,1,loner,7.225,low,18,short,Mr,0
1,1,female,44.0,57.9792,B,C,adult,1,2,small,28.9896,high,47,long,Mrs,0
0,3,male,50.0,7.2292,G,C,middle_aged,0,1,loner,7.2292,low,17,short,Mr,0
0,3,male,40.5,7.75,G,Q,adult,0,1,loner,7.75,low,18,short,Mr,0
1,2,female,50.0,10.5,G,S,middle_aged,0,1,loner,10.5,mid,20,short,Miss,0
0,1,male,43.0,221.7792,C,S,adult,0,1,loner,221.7792,very_high,18,short,Mr,0
0,3,male,39.0,7.925,G,S,adult,0,1,loner,7.925,low,25,medium,Mr,0
0,2,male,23.0,11.5,G,S,Young_Adult,1,4,small,2.875,Very_low,27,medium,Mr,0
1,2,female,2.0,26.0,F,S,toddler,1,3,small,8.666666666666666,low,24,medium,Miss,1
0,3,male,16.0,7.2292,G,C,teenager,0,1,loner,7.2292,low,17,short,Mr,1
0,3,male,17.0,7.2292,G,C,teenager,1,3,small,2.409733333333333,Very_low,20,short,Mr,0
1,3,female,21.0,22.3583,F,C,Young_Adult,1,3,small,7.452766666666666,low,38,good,Mrs,0
0,3,female,30.0,8.6625,G,S,Young_Adult,0,1,loner,8.6625,low,19,short,Miss,0
1,2,female,7.0,26.25,F,S,child,1,3,small,8.75,low,22,medium,Miss,1
0,1,male,45.0,26.55,B,S,adult,0,1,loner,26.55,high,33,medium,rare,0
1,1,female,30.0,106.425,C,C,Young_Adult,0,1,loner,106.425,very_high,19,short,Miss,0
0,3,male,27.0,14.5,G,S,Young_Adult,0,1,loner,14.5,mid,24,medium,Mr,0
1,1,female,22.0,49.5,B,C,Young_Adult,1,3,small,16.5,mid,34,medium,Miss,0
1,1,female,36.0,71.0,B,S,adult,1,3,small,23.666666666666668,high,23,medium,Miss,0
0,3,female,9.0,31.275,T,S,child,1,7,large,4.4678571428571425,low,36,good,Miss,1
0,3,female,11.0,31.275,T,S,child,1,7,large,4.4678571428571425,low,33,medium,Miss,1
1,2,male,32.0,26.0,F,S,Young_Adult,1,2,small,13.0,mid,17,short,Mr,0
0,1,male,50.0,106.425,C,C,middle_aged,1,2,small,53.2125,very_high,26,medium,Mr,0
0,1,male,64.0,26.0,F,S,senior_citizen,0,1,loner,26.0,high,28,medium,Mr,0
1,2,female,19.0,26.0,F,S,Young_Adult,1,2,small,13.0,mid,33,medium,Mrs,0
1,2,male,4.0,13.8625,G,C,toddler,0,1,loner,13.8625,mid,26,medium,Mr,1
0,3,male,33.0,20.525,F,S,Young_Adult,1,3,small,6.841666666666666,low,25,medium,Mr,0
1,2,male,8.0,36.75,T,S,child,1,3,small,12.25,mid,30,medium,Master,1
1,1,male,17.0,110.8833,C,C,teenager,1,3,small,36.9611,high,27,medium,Mr,0
0,2,male,27.0,26.0,F,S,Young_Adult,0,1,loner,26.0,high,27,medium,Mr,0
0,3,male,36.0,7.8292,G,Q,adult,0,1,loner,7.8292,low,20,short,Mr,0
1,3,male,22.0,7.225,G,C,Young_Adult,0,1,loner,7.225,low,33,medium,Mr,0
1,3,female,22.0,7.775,G,S,Young_Adult,0,1,loner,7.775,low,18,short,Miss,0
0,1,male,62.0,26.55,T,S,senior_citizen,0,1,loner,26.55,high,18,short,Mr,0
1,1,female,48.0,39.6,A,C,middle_aged,1,2,small,19.8,mid,65,long,rare,0
0,1,male,64.0,227.525,B,C,senior_citizen,0,1,loner,227.525,very_high,19,short,Mr,0
1,1,female,39.0,79.65,E,S,adult,1,3,small,26.55,high,38,good,Mrs,0
1,3,female,36.0,17.4,F,S,adult,1,2,small,8.7,low,44,good,Mrs,0
0,3,male,32.0,7.75,G,Q,Young_Adult,0,1,loner,7.75,low,24,medium,Mr,0
0,3,male,40.0,7.8958,G,S,adult,0,1,loner,7.8958,low,17,short,Mr,0
0,2,male,28.0,13.5,G,S,Young_Adult,0,1,loner,13.5,mid,26,medium,Mr,0
0,3,male,34.0,8.05,G,S,Young_Adult,0,1,loner,8.05,low,17,short,Mr,0
0,3,female,41.0,8.05,G,S,adult,0,1,loner,8.05,low,30,medium,Miss,0
0,3,male,24.0,24.15,F,S,Young_Adult,1,3,small,8.049999999999999,low,20,short,Mr,0
0,3,male,19.0,7.8958,G,S,Young_Adult,0,1,loner,7.8958,low,20,short,Mr,0
0,3,female,29.0,21.075,F,S,Young_Adult,1,5,large,4.215,low,43,good,Mrs,0
0,3,male,34.0,7.2292,G,C,Young_Adult,0,1,loner,7.2292,low,19,short,Mr,0
1,3,male,32.0,7.8542,G,S,Young_Adult,0,1,loner,7.8542,low,17,short,Mr,0
1,2,male,62.0,10.5,G,S,senior_citizen,0,1,loner,10.5,mid,18,short,Mr,0
1,1,female,53.0,51.4792,C,S,middle_aged,1,3,small,17.15973333333333,mid,45,good,Mrs,0
1,1,male,36.0,26.3875,E,S,adult,0,1,loner,26.3875,high,32,medium,Mr,0
1,3,female,17.0,7.75,G,Q,teenager,0,1,loner,7.75,low,17,short,Miss,0
0,3,male,16.0,8.05,G,S,teenager,0,1,loner,8.05,low,28,medium,Mr,1
0,3,male,19.0,14.5,G,S,Young_Adult,0,1,loner,14.5,mid,20,short,Mr,0
1,2,female,34.0,13.0,G,S,Young_Adult,0,1,loner,13.0,mid,20,short,Miss,0
1,1,female,39.0,55.9,E,S,adult,1,2,small,27.95,high,41,good,Mrs,0
0,3,female,19.0,14.4583,G,C,Young_Adult,1,2,small,7.22915,low,32,medium,Mrs,0
1,3,male,32.0,7.925,G,S,Young_Adult,0,1,loner,7.925,low,19,short,Mr,0
1,2,female,25.0,30.0,T,S,Young_Adult,1,3,small,10.0,low,27,medium,Miss,0
1,1,female,39.0,110.8833,C,C,adult,1,3,small,36.9611,high,52,long,Mrs,0
0,2,male,54.0,26.0,F,S,middle_aged,0,1,loner,26.0,high,26,medium,Mr,0
0,1,male,36.0,40.125,A,C,adult,0,1,loner,40.125,high,19,short,Mr,0
0,3,male,28.0,8.7125,G,C,Young_Adult,0,1,loner,8.7125,low,19,short,Mr,0
1,1,female,18.0,79.65,E,S,teenager,1,3,small,26.55,high,19,short,Miss,0
0,2,male,47.0,15.0,G,S,middle_aged,0,1,loner,15.0,mid,23,medium,Mr,0
1,1,male,60.0,79.2,B,C,senior_citizen,1,3,small,26.400000000000002,high,32,medium,Mr,0
0,3,male,22.0,8.05,G,S,Young_Adult,0,1,loner,8.05,low,21,medium,Mr,0
0,3,male,26.0,8.05,G,S,Young_Adult,0,1,loner,8.05,low,19,short,Mr,0
0,3,male,35.0,7.125,G,S,Young_Adult,0,1,loner,7.125,low,20,short,Mr,0
1,1,female,52.0,78.2667,D,C,middle_aged,1,2,small,39.13335,high,47,long,Mrs,0
0,3,male,47.0,7.25,G,S,middle_aged,0,1,loner,7.25,low,26,medium,Mr,0
0,3,female,28.0,7.75,G,Q,Young_Adult,1,3,small,2.5833333333333335,Very_low,18,short,Miss,0
0,2,male,37.0,26.0,F,S,adult,1,2,small,13.0,mid,23,medium,Mr,0
0,3,male,36.0,24.15,F,S,adult,1,3,small,8.049999999999999,low,27,medium,Mr,0
1,2,female,52.0,33.0,T,S,middle_aged,0,1,loner,33.0,high,26,medium,Miss,0
0,3,male,49.0,0.0,G,S,middle_aged,0,1,loner,0.0,Very_low,19,short,Mr,0
0,3,male,36.0,7.225,G,C,adult,0,1,loner,7.225,low,17,short,Mr,0
1,1,male,49.0,56.9292,A,C,middle_aged,1,2,small,28.4646,high,44,good,rare,0
1,2,female,24.0,27.0,T,S,Young_Adult,1,4,small,6.75,low,51,long,Mrs,0
0,3,male,4.0,7.8958,G,S,toddler,0,1,loner,7.8958,low,20,short,Mr,1
0,1,male,48.0,42.4,A,S,middle_aged,0,1,loner,42.4,high,25,medium,Mr,0
0,3,male,44.0,8.05,G,S,adult,0,1,loner,8.05,low,25,medium,Mr,0
1,1,male,35.0,26.55,T,C,Young_Adult,0,1,loner,26.55,high,31,medium,Mr,0
0,3,male,36.0,15.55,F,S,adult,1,2,small,7.775,low,29,medium,Mr,0
0,3,male,30.0,7.8958,G,S,Young_Adult,0,1,loner,7.8958,low,17,short,Mr,0
1,1,male,27.0,30.5,T,S,Young_Adult,0,1,loner,30.5,high,27,medium,Mr,0
1,2,female,22.0,41.5792,A,C,Young_Adult,1,4,small,10.3948,mid,53,long,Mrs,0
1,1,female,40.0,153.4625,C,S,adult,0,1,loner,153.4625,very_high,25,medium,Miss,0
0,3,female,39.0,31.275,T,S,adult,1,7,large,4.4678571428571425,low,57,long,Mrs,0
0,3,male,43.0,7.05,G,S,adult,0,1,loner,7.05,low,21,medium,Mr,0
1,3,female,36.0,15.5,F,Q,adult,1,2,small,7.75,low,27,medium,Miss,0
0,3,male,60.0,7.75,G,Q,senior_citizen,0,1,loner,7.75,low,16,short,Mr,0
0,3,male,35.0,8.05,G,S,Young_Adult,0,1,loner,8.05,low,31,medium,Mr,0
1,2,female,24.0,65.0,D,S,Young_Adult,1,4,small,16.25,mid,19,short,Miss,0
0,3,male,34.0,14.4,G,S,Young_Adult,1,3,small,4.8,low,25,medium,Mr,0
0,3,female,26.0,16.1,F,S,Young_Adult,1,2,small,8.05,low,47,long,Mrs,0
1,2,female,4.0,39.0,F,S,toddler,1,4,small,9.75,low,27,medium,Miss,1
0,2,male,26.0,10.5,G,S,Young_Adult,0,1,loner,10.5,mid,19,short,Mr,0
0,3,male,27.0,14.4542,G,C,Young_Adult,1,2,small,7.2271,low,19,short,Mr,0
1,1,male,42.0,52.5542,D,S,adult,1,2,small,26.2771,high,28,medium,Mr,0
1,3,male,20.0,15.7417,F,C,Young_Adult,1,3,small,5.247233333333333,low,16,short,Mr,0
0,3,male,21.0,7.8542,G,S,Young_Adult,0,1,loner,7.8542,low,27,medium,Mr,0
0,3,male,21.0,16.1,F,S,Young_Adult,0,1,loner,16.1,mid,27,medium,Mr,0
0,1,male,61.0,32.3208,D,S,senior_citizen,0,1,loner,32.3208,high,21,medium,Mr,0
0,2,male,57.0,12.35,G,Q,senior_citizen,0,1,loner,12.35,mid,30,medium,rare,0
1,1,female,21.0,77.9583,D,S,Young_Adult,0,1,loner,77.9583,very_high,29,medium,Miss,0
0,3,male,26.0,7.8958,G,S,Young_Adult,0,1,loner,7.8958,low,25,medium,Mr,0
0,3,male,45.0,7.7333,G,Q,adult,0,1,loner,7.7333,low,24,medium,Mr,0
1,1,male,80.0,30.0,A,S,old,0,1,loner,30.0,high,36,good,Mr,0
0,3,male,51.0,7.0542,G,S,middle_aged,0,1,loner,7.0542,low,27,medium,Mr,0
1,1,male,32.0,30.5,B,C,Young_Adult,0,1,loner,30.5,high,25,medium,rare,0
0,1,male,27.0,0.0,G,S,Young_Adult,0,1,loner,0.0,Very_low,29,medium,Mr,0
0,3,female,9.0,27.9,T,S,child,1,6,large,4.6499999999999995,low,18,short,Miss,1
1,2,female,28.0,13.0,G,S,Young_Adult,0,1,loner,13.0,mid,17,short,Miss,0
0,3,male,32.0,7.925,G,S,Young_Adult,0,1,loner,7.925,low,26,medium,Mr,0
0,2,male,31.0,26.25,F,S,Young_Adult,1,3,small,8.75,low,19,short,Mr,0
0,3,female,41.0,39.6875,A,S,adult,1,6,large,6.614583333333333,low,38,good,Mrs,0
0,3,male,35.0,16.1,F,S,Young_Adult,1,2,small,8.05,low,26,medium,Mr,0
0,3,male,20.0,7.8542,G,S,Young_Adult,0,1,loner,7.8542,low,22,medium,Mr,0
1,1,female,24.0,69.3,B,C,Young_Adult,0,1,loner,69.3,very_high,20,short,Miss,0
0,3,female,2.0,27.9,T,S,toddler,1,6,large,4.6499999999999995,low,29,medium,Miss,1
1,3,male,27.0,56.4958,D,S,Young_Adult,0,1,loner,56.4958,very_high,15,short,Mr,0
1,3,female,0.75,19.2583,F,C,infant,1,4,small,4.814575,low,22,medium,Miss,1
1,1,male,48.0,76.7292,D,C,middle_aged,1,2,small,38.3646,high,25,medium,Mr,0
0,3,male,19.0,7.8958,G,S,Young_Adult,0,1,loner,7.8958,low,17,short,Mr,0
1,1,male,56.0,35.5,A,C,senior_citizen,0,1,loner,35.5,high,35,medium,rare,0
0,3,male,21.0,7.55,G,S,Young_Adult,0,1,loner,7.55,low,18,short,Mr,0
1,3,female,23.0,7.55,G,S,Young_Adult,0,1,loner,7.55,low,31,medium,Miss,0
0,3,male,31.0,7.8958,G,S,Young_Adult,0,1,loner,7.8958,low,17,short,Mr,0
1,2,female,18.0,23.0,F,S,teenager,1,2,small,11.5,mid,19,short,Miss,0
0,3,male,21.0,8.4333,G,S,Young_Adult,0,1,loner,8.4333,low,30,medium,Mr,0
1,3,female,5.0,7.8292,G,Q,child,0,1,loner,7.8292,low,29,medium,Miss,1
0,3,female,18.0,6.75,G,Q,teenager,0,1,loner,6.75,low,28,medium,Miss,0
0,2,male,24.0,73.5,D,S,Young_Adult,1,3,small,24.5,high,25,medium,Mr,0
0,3,male,30.0,7.8958,G,S,Young_Adult,0,1,loner,7.8958,low,21,medium,Mr,0
0,3,female,32.0,15.5,F,Q,Young_Adult,1,3,small,5.166666666666667,low,29,medium,Mrs,0
0,2,male,23.0,13.0,G,S,Young_Adult,0,1,loner,13.0,mid,28,medium,Mr,0
0,1,male,58.0,113.275,D,C,senior_citizen,1,3,small,37.75833333333333,high,26,medium,Mr,0
1,1,male,50.0,133.65,B,S,middle_aged,1,3,small,44.550000000000004,high,29,medium,rare,0
0,3,male,40.0,7.225,G,C,adult,0,1,loner,7.225,low,17,short,Mr,0
0,1,male,47.0,25.5875,E,S,middle_aged,0,1,loner,25.5875,high,26,medium,Mr,0
0,3,male,36.0,7.4958,G,S,adult,0,1,loner,7.4958,low,16,short,Mr,0
1,3,male,20.0,7.925,G,S,Young_Adult,1,2,small,3.9625,Very_low,27,medium,Mr,0
0,2,male,32.0,73.5,D,S,Young_Adult,1,3,small,24.5,high,18,short,Mr,0
0,2,male,25.0,13.0,G,S,Young_Adult,0,1,loner,13.0,mid,27,medium,Mr,0
0,3,male,19.0,7.775,G,S,Young_Adult,0,1,loner,7.775,low,26,medium,Mr,0
0,3,male,43.0,8.05,G,S,adult,0,1,loner,8.05,low,15,short,Mr,0
1,1,female,32.5,52.0,C,S,Young_Adult,1,2,small,26.0,high,49,long,Mrs,0
1,2,female,40.0,39.0,A,S,adult,1,3,small,13.0,mid,61,long,Mrs,0
0,1,male,31.0,52.0,B,S,Young_Adult,1,2,small,26.0,high,22,medium,Mr,0
0,2,male,70.0,10.5,G,S,old,0,1,loner,10.5,mid,27,medium,Mr,0
1,2,male,31.0,13.0,G,S,Young_Adult,0,1,loner,13.0,mid,21,medium,Mr,0
0,2,male,38.0,0.0,G,S,adult,0,1,loner,0.0,Very_low,26,medium,Mr,0
0,3,male,18.0,7.775,G,S,teenager,0,1,loner,7.775,low,30,medium,Mr,0
0,3,male,24.5,8.05,G,S,Young_Adult,0,1,loner,8.05,low,29,medium,Mr,0
1,3,female,18.0,9.8417,G,S,teenager,0,1,loner,9.8417,low,23,medium,Miss,0
0,3,female,43.0,46.9,E,S,adult,1,8,large,5.8625,low,39,good,Mrs,0
0,3,female,24.0,8.1375,G,Q,Young_Adult,0,1,loner,8.1375,low,19,short,Miss,0
1,1,male,27.0,76.7292,D,C,Young_Adult,0,1,loner,76.7292,very_high,18,short,Mr,0
0,3,male,20.0,9.225,G,S,Young_Adult,0,1,loner,9.225,low,27,medium,Mr,0
0,3,male,14.0,46.9,E,S,teenager,1,8,large,5.8625,low,27,medium,Mr,1
0,2,male,60.0,39.0,A,S,senior_citizen,1,3,small,13.0,mid,33,medium,Mr,0
0,2,male,25.0,41.5792,A,C,Young_Adult,1,4,small,10.3948,mid,38,good,Mr,0
0,3,male,14.0,39.6875,A,S,teenager,1,6,large,6.614583333333333,low,24,medium,Mr,1
0,3,male,19.0,10.1708,G,S,Young_Adult,0,1,loner,10.1708,mid,17,short,Mr,0
0,3,male,18.0,7.7958,G,S,teenager,0,1,loner,7.7958,low,31,medium,Mr,0
1,1,female,15.0,211.3375,B,S,teenager,1,2,small,105.66875,very_high,33,medium,Miss,1
1,1,male,31.0,57.0,B,S,Young_Adult,1,2,small,28.5,high,23,medium,Mr,0
1,3,female,4.0,13.4167,G,C,toddler,1,2,small,6.70835,low,18,short,Miss,1
1,3,male,36.0,56.4958,D,S,adult,0,1,loner,56.4958,very_high,12,short,Mr,0
0,3,male,25.0,7.225,G,C,Young_Adult,0,1,loner,7.225,low,16,short,Mr,0
0,1,male,60.0,26.55,T,S,senior_citizen,0,1,loner,26.55,high,15,short,rare,0
0,2,male,52.0,13.5,G,S,middle_aged,0,1,loner,13.5,mid,26,medium,Mr,0
0,3,male,44.0,8.05,G,S,adult,0,1,loner,8.05,low,16,short,Mr,0
1,3,female,25.0,7.7333,G,Q,Young_Adult,0,1,loner,7.7333,low,32,medium,Miss,0
0,1,male,49.0,110.8833,C,C,middle_aged,1,3,small,36.9611,high,24,medium,Mr,0
0,3,male,42.0,7.65,F,S,adult,0,1,loner,7.65,low,40,good,Mr,0
1,1,female,18.0,227.525,C,C,teenager,1,2,small,113.7625,very_high,49,long,Mrs,0
1,1,male,35.0,26.2875,E,S,Young_Adult,0,1,loner,26.2875,high,32,medium,Mr,0
0,3,female,18.0,14.4542,G,C,teenager,1,2,small,7.2271,low,21,medium,Miss,0
0,3,male,25.0,7.7417,G,Q,Young_Adult,0,1,loner,7.7417,low,21,medium,Mr,0
0,3,male,26.0,7.8542,G,S,Young_Adult,1,2,small,3.9271,Very_low,23,medium,Mr,0
0,2,male,39.0,26.0,F,S,adult,0,1,loner,26.0,high,46,long,Mr,0
1,2,female,45.0,13.5,G,S,adult,0,1,loner,13.5,mid,29,medium,Mrs,0
1,1,male,42.0,26.2875,E,S,adult,0,1,loner,26.2875,high,33,medium,Mr,0
1,1,female,22.0,151.55,B,S,Young_Adult,0,1,loner,151.55,very_high,20,short,Miss,0
1,3,male,35.0,15.2458,G,C,Young_Adult,1,3,small,5.081933333333333,low,49,long,Master,0
1,1,female,24.0,49.5042,C,C,Young_Adult,0,1,loner,49.5042,very_high,48,long,Miss,0
0,1,male,45.5,26.55,C,S,middle_aged,0,1,loner,26.55,high,18,short,Mr,0
1,1,male,48.0,52.0,C,S,middle_aged,1,2,small,26.0,high,24,medium,Mr,0
0,3,male,29.0,9.4833,G,S,Young_Adult,0,1,loner,9.4833,low,26,medium,Mr,0
0,2,male,52.0,13.0,G,S,middle_aged,0,1,loner,13.0,mid,21,medium,Mr,0
0,3,male,19.0,7.65,F,S,Young_Adult,0,1,loner,7.65,low,42,good,Mr,0
1,1,female,38.0,227.525,C,C,adult,0,1,loner,227.525,very_high,29,medium,Miss,0
1,2,female,27.0,10.5,E,S,Young_Adult,0,1,loner,10.5,mid,35,medium,Miss,0
0,3,male,31.0,15.5,F,Q,Young_Adult,0,1,loner,15.5,mid,19,short,Mr,0
0,3,male,33.0,7.775,G,S,Young_Adult,0,1,loner,7.775,low,28,medium,Mr,0
1,2,female,6.0,33.0,T,S,child,1,2,small,16.5,mid,33,medium,Miss,1
0,3,male,17.0,7.0542,G,S,teenager,1,2,small,3.5271,Very_low,25,medium,Mr,0
0,2,male,34.0,13.0,G,S,Young_Adult,0,1,loner,13.0,mid,28,medium,Mr,0
0,2,male,50.0,13.0,G,S,middle_aged,0,1,loner,13.0,mid,23,medium,Mr,0
1,1,male,27.0,53.1,E,S,Young_Adult,1,2,small,26.55,high,29,medium,Mr,0
0,3,male,20.0,8.6625,G,S,Young_Adult,0,1,loner,8.6625,low,19,short,Mr,0
1,2,female,30.0,21.0,F,S,Young_Adult,1,4,small,5.25,low,43,good,Mrs,0
1,3,female,30.0,7.7375,G,Q,Young_Adult,0,1,loner,7.7375,low,24,medium,Miss,0
0,2,male,25.0,26.0,F,S,Young_Adult,1,2,small,13.0,mid,31,medium,Mr,0
0,3,female,25.0,7.925,G,S,Young_Adult,1,2,small,3.9625,Very_low,29,medium,Miss,0
1,1,female,29.0,211.3375,B,S,Young_Adult,0,1,loner,211.3375,very_high,29,medium,Miss,0
0,3,male,11.0,18.7875,F,C,child,0,1,loner,18.7875,mid,24,medium,Mr,1
0,2,male,22.0,0.0,G,S,Young_Adult,0,1,loner,0.0,Very_low,20,short,Mr,0
0,2,male,23.0,13.0,G,S,Young_Adult,0,1,loner,13.0,mid,26,medium,Mr,0
0,3,male,28.5,16.1,F,S,Young_Adult,0,1,loner,16.1,mid,20,short,Mr,0
0,3,female,48.0,34.375,T,S,middle_aged,1,5,large,6.875,low,39,good,Mrs,0
0,3,male,22.0,7.8958,G,S,Young_Adult,0,1,loner,7.8958,low,18,short,Mr,0
0,3,male,27.0,7.8958,G,S,Young_Adult,0,1,loner,7.8958,low,18,short,Mr,0
1,1,male,43.0,30.0,D,S,adult,0,1,loner,30.0,high,27,medium,Mr,0
0,1,male,36.0,78.85,C,S,adult,1,2,small,39.425,high,29,medium,Mr,0
1,1,female,21.0,262.375,B,C,Young_Adult,1,5,large,52.475,very_high,37,good,Miss,0
0,3,male,24.0,16.1,F,S,Young_Adult,1,2,small,8.05,low,17,short,Mr,0
1,3,male,31.0,7.925,G,S,Young_Adult,0,1,loner,7.925,low,18,short,Mr,0
0,1,male,70.0,71.0,B,S,old,1,3,small,23.666666666666668,high,28,medium,rare,0
0,3,male,16.0,20.25,F,S,teenager,1,3,small,6.75,low,27,medium,Mr,1
1,2,female,30.0,13.0,G,S,Young_Adult,0,1,loner,13.0,mid,21,medium,Miss,0
0,1,male,19.0,53.1,D,S,Young_Adult,1,2,small,26.55,high,25,medium,Mr,0
0,3,male,31.0,7.75,G,Q,Young_Adult,0,1,loner,7.75,low,23,medium,Mr,0
1,2,female,4.0,23.0,F,S,toddler,1,3,small,7.666666666666667,low,17,short,Miss,1
1,3,male,6.0,12.475,E,S,child,1,2,small,6.2375,low,19,short,Master,1
0,3,male,33.0,9.5,G,S,Young_Adult,0,1,loner,9.5,low,32,medium,Mr,0
1,2,female,48.0,65.0,D,S,middle_aged,1,4,small,16.25,mid,32,medium,Mrs,0
1,2,male,0.67,14.5,G,S,infant,1,3,small,4.833333333333333,low,25,medium,Master,1
0,3,male,28.0,7.7958,G,S,Young_Adult,0,1,loner,7.7958,low,28,medium,Mr,0
0,2,male,18.0,11.5,G,S,teenager,0,1,loner,11.5,mid,24,medium,Mr,0
0,3,male,34.0,8.05,G,S,Young_Adult,0,1,loner,8.05,low,28,medium,Mr,0
1,1,female,33.0,86.5,B,S,Young_Adult,0,1,loner,86.5,very_high,56,long,rare,0
0,3,male,20.0,14.5,G,S,Young_Adult,0,1,loner,14.5,mid,18,short,Mr,0
0,3,male,41.0,7.125,G,S,adult,0,1,loner,7.125,low,30,medium,Mr,0
1,3,male,20.0,7.2292,G,C,Young_Adult,0,1,loner,7.2292,low,21,medium,Mr,0
1,1,female,36.0,120.0,B,S,adult,1,4,small,30.0,high,41,good,Mrs,0
0,3,male,16.0,7.775,G,S,teenager,0,1,loner,7.775,low,22,medium,Mr,1
1,1,female,51.0,77.9583,D,S,middle_aged,1,2,small,38.97915,high,36,good,Mrs,0
0,1,male,18.0,39.6,A,C,teenager,0,1,loner,39.6,high,25,medium,rare,0
0,3,female,30.5,7.75,G,Q,Young_Adult,0,1,loner,7.75,low,18,short,Miss,0
0,3,male,22.0,24.15,F,Q,Young_Adult,1,2,small,12.075,mid,19,short,Mr,0
0,3,male,32.0,8.3625,G,S,Young_Adult,0,1,loner,8.3625,low,32,medium,Mr,0
0,3,male,24.0,9.5,G,S,Young_Adult,0,1,loner,9.5,low,22,medium,Mr,0
0,3,male,48.0,7.8542,G,S,middle_aged,0,1,loner,7.8542,low,23,medium,Mr,0
0,2,female,57.0,10.5,E,S,senior_citizen,0,1,loner,10.5,mid,17,short,Mrs,0
0,3,male,11.0,7.225,G,C,child,0,1,loner,7.225,low,15,short,Mr,1
1,2,female,54.0,23.0,F,S,middle_aged,1,5,large,4.6,low,37,good,Mrs,0
0,3,male,18.0,7.75,G,S,teenager,0,1,loner,7.75,low,39,good,Mr,0
0,3,male,29.0,7.75,F,Q,Young_Adult,0,1,loner,7.75,low,16,short,Mr,0
1,3,female,5.0,12.475,G,S,child,0,1,loner,12.475,mid,29,medium,Miss,1
0,3,male,24.5,7.7375,G,Q,Young_Adult,0,1,loner,7.7375,low,23,medium,Mr,0
1,1,female,43.0,211.3375,B,S,adult,1,2,small,105.66875,very_high,53,long,Mrs,0
1,3,female,13.0,7.2292,G,C,child,0,1,loner,7.2292,low,20,short,Miss,1
1,1,female,17.0,57.0,B,S,teenager,1,2,small,28.5,high,41,good,Mrs,0
0,1,male,29.0,30.0,D,S,Young_Adult,0,1,loner,30.0,high,22,medium,Mr,0
0,3,male,17.0,23.45,F,S,teenager,1,4,small,5.8625,low,22,medium,Mr,0
0,3,male,25.0,7.05,G,S,Young_Adult,0,1,loner,7.05,low,16,short,Mr,0
0,3,male,25.0,7.25,G,S,Young_Adult,0,1,loner,7.25,low,34,medium,Mr,0
1,3,female,18.0,7.4958,G,S,teenager,0,1,loner,7.4958,low,25,medium,Miss,0
0,3,male,8.0,29.125,T,Q,child,1,6,large,4.854166666666667,low,25,medium,Master,1
1,3,male,1.0,20.575,F,S,infant,1,4,small,5.14375,low,26,medium,Master,1
0,1,male,46.0,79.2,B,C,middle_aged,0,1,loner,79.2,very_high,24,medium,Mr,0
0,3,male,20.0,7.75,G,Q,Young_Adult,0,1,loner,7.75,low,24,medium,Mr,0
0,2,male,16.0,26.0,F,S,teenager,0,1,loner,26.0,high,19,short,Mr,1
0,3,female,56.0,69.55,D,S,senior_citizen,1,11,large,6.322727272727272,low,23,medium,Miss,0
0,1,male,21.0,30.6958,T,C,Young_Adult,0,1,loner,30.6958,high,24,medium,Mr,0
0,3,male,25.0,7.8958,G,S,Young_Adult,0,1,loner,7.8958,low,21,medium,Mr,0
0,2,male,39.0,13.0,G,S,adult,0,1,loner,13.0,mid,18,short,Mr,0
1,1,female,49.0,25.9292,D,S,middle_aged,0,1,loner,25.9292,high,27,medium,rare,0
1,3,female,31.0,8.6833,G,S,Young_Adult,0,1,loner,8.6833,low,16,short,Mrs,0
0,3,male,30.0,7.2292,G,C,Young_Adult,0,1,loner,7.2292,low,28,medium,Mr,0
0,3,female,30.0,24.15,F,S,Young_Adult,1,3,small,8.049999999999999,low,52,long,Mrs,0
0,2,male,34.0,13.0,G,S,Young_Adult,0,1,loner,13.0,mid,20,short,Mr,0
1,2,female,31.0,26.25,F,S,Young_Adult,1,3,small,8.75,low,43,good,Mrs,0
1,1,male,11.0,120.0,B,S,child,1,4,small,30.0,high,35,medium,Master,1
1,3,male,0.42,8.5167,G,C,infant,1,2,small,4.25835,low,31,medium,Master,1
1,3,male,27.0,6.975,G,S,Young_Adult,0,1,loner,6.975,low,23,medium,Mr,0
0,3,male,31.0,7.775,G,S,Young_Adult,0,1,loner,7.775,low,25,medium,Mr,0
0,1,male,39.0,0.0,A,S,adult,0,1,loner,0.0,Very_low,22,medium,Mr,0
0,3,female,18.0,7.775,G,S,teenager,0,1,loner,7.775,low,31,medium,Miss,0
0,2,male,39.0,13.0,G,S,adult,0,1,loner,13.0,mid,17,short,Mr,0
1,1,female,33.0,53.1,E,S,Young_Adult,1,2,small,26.55,high,46,long,Mrs,0
0,3,male,26.0,7.8875,G,S,Young_Adult,0,1,loner,7.8875,low,22,medium,Mr,0
0,3,male,39.0,24.15,F,S,adult,0,1,loner,24.15,high,17,short,Mr,0
0,2,male,35.0,10.5,G,S,Young_Adult,0,1,loner,10.5,mid,25,medium,Mr,0
0,3,female,6.0,31.275,T,S,child,1,7,large,4.4678571428571425,low,34,medium,Miss,1
0,3,male,30.5,8.05,G,S,Young_Adult,0,1,loner,8.05,low,26,medium,Mr,0
0,1,male,2.0,0.0,B,S,toddler,0,1,loner,0.0,Very_low,16,short,Mr,1
0,3,female,23.0,7.925,G,S,Young_Adult,0,1,loner,7.925,low,28,medium,Miss,0
0,2,male,31.0,37.0042,T,C,Young_Adult,1,3,small,12.334733333333332,mid,18,short,Mr,0
0,3,male,43.0,6.45,G,S,adult,0,1,loner,6.45,low,32,medium,Mr,0
0,3,male,10.0,27.9,T,S,child,1,6,large,4.6499999999999995,low,28,medium,Master,1
1,1,female,52.0,93.5,B,S,middle_aged,1,3,small,31.166666666666668,high,50,long,Mrs,0
1,3,male,27.0,8.6625,G,S,Young_Adult,0,1,loner,8.6625,low,17,short,Mr,0
0,1,male,38.0,0.0,G,S,adult,0,1,loner,0.0,Very_low,31,medium,rare,0
1,3,female,27.0,12.475,E,S,Young_Adult,1,2,small,6.2375,low,18,short,Mrs,0
0,3,male,2.0,39.6875,A,S,toddler,1,6,large,6.614583333333333,low,28,medium,Master,1
0,3,male,30.0,6.95,G,Q,Young_Adult,0,1,loner,6.95,low,15,short,Mr,0
0,3,male,19.0,56.4958,D,S,Young_Adult,0,1,loner,56.4958,very_high,12,short,Mr,0
1,2,male,1.0,37.0042,T,C,infant,1,3,small,12.334733333333332,mid,21,medium,Master,1
1,3,male,49.0,7.75,G,Q,middle_aged,0,1,loner,7.75,low,28,medium,Mr,0
1,1,female,62.0,80.0,B,C,senior_citizen,0,1,loner,80.0,very_high,41,good,Mrs,0
1,3,female,15.0,14.4542,G,C,teenager,1,2,small,7.2271,low,39,good,Mrs,1
1,2,male,0.83,18.75,F,S,infant,1,3,small,6.25,low,31,medium,Master,1
0,3,male,36.0,7.2292,G,C,adult,0,1,loner,7.2292,low,14,short,Mr,0
0,3,male,23.0,7.8542,G,S,Young_Adult,0,1,loner,7.8542,low,22,medium,Mr,0
0,3,male,18.0,8.3,G,S,teenager,0,1,loner,8.3,low,22,medium,Mr,0
1,1,female,39.0,83.1583,E,C,adult,1,3,small,27.71943333333333,high,27,medium,Miss,0
0,3,male,21.0,8.6625,G,S,Young_Adult,0,1,loner,8.6625,low,16,short,Mr,0
0,3,male,8.0,8.05,G,S,child,0,1,loner,8.05,low,19,short,Mr,1
1,3,male,32.0,56.4958,D,S,Young_Adult,0,1,loner,56.4958,very_high,15,short,Mr,0
1,1,male,80.0,29.7,C,C,old,0,1,loner,29.7,high,20,short,Mr,0
0,3,male,20.0,7.925,G,S,Young_Adult,0,1,loner,7.925,low,27,medium,Mr,0
0,2,male,16.0,10.5,G,S,teenager,0,1,loner,10.5,mid,24,medium,Mr,1
1,1,female,30.0,31.0,T,C,Young_Adult,0,1,loner,31.0,high,23,medium,Miss,0
0,3,male,34.5,6.4375,G,C,Young_Adult,0,1,loner,6.4375,low,26,medium,Mr,0
0,3,male,17.0,8.6625,G,S,teenager,0,1,loner,8.6625,low,19,short,Mr,0
0,3,male,42.0,7.55,G,S,adult,0,1,loner,7.55,low,19,short,Mr,0
0,3,male,50.0,69.55,D,S,middle_aged,1,11,large,6.322727272727272,low,24,medium,Mr,0
0,3,male,35.0,7.8958,G,C,Young_Adult,0,1,loner,7.8958,low,18,short,Mr,0
0,2,male,28.0,33.0,T,S,Young_Adult,1,2,small,16.5,mid,17,short,rare,0
1,1,female,18.0,89.1042,C,C,teenager,1,2,small,44.5521,high,44,good,Mrs,0
0,3,male,4.0,31.275,T,S,toddler,1,7,large,4.4678571428571425,low,39,good,Master,1
0,3,male,74.0,7.775,G,S,old,0,1,loner,7.775,low,19,short,Mr,0
0,3,female,9.0,15.2458,G,C,child,1,3,small,5.081933333333333,low,23,medium,Miss,1
1,1,female,16.0,39.4,D,S,teenager,1,2,small,19.7,mid,25,medium,Miss,1
0,2,female,44.0,26.0,F,S,adult,1,2,small,13.0,mid,45,good,Mrs,0
1,3,female,18.0,9.35,G,S,teenager,1,2,small,4.675,low,26,medium,Mrs,0
1,1,female,45.0,164.8667,B,S,adult,1,3,small,54.95556666666667,very_high,42,good,Mrs,0
1,1,male,51.0,26.55,E,S,middle_aged,0,1,loner,26.55,high,22,medium,Mr,0
1,3,female,24.0,19.2583,F,C,Young_Adult,1,4,small,4.814575,low,37,good,Mrs,0
0,3,male,22.0,7.2292,G,C,Young_Adult,0,1,loner,7.2292,low,16,short,Mr,0
0,3,male,41.0,14.1083,G,S,adult,1,3,small,4.702766666666666,low,23,medium,Mr,0
0,2,male,21.0,11.5,G,S,Young_Adult,1,2,small,5.75,low,27,medium,Mr,0
1,1,female,48.0,25.9292,D,S,middle_aged,0,1,loner,25.9292,high,51,long,Mrs,0
0,3,female,25.0,69.55,D,S,Young_Adult,1,11,large,6.322727272727272,low,33,medium,Miss,0
0,2,male,24.0,13.0,G,S,Young_Adult,0,1,loner,13.0,mid,22,medium,Mr,0
1,2,female,42.0,13.0,G,S,adult,0,1,loner,13.0,mid,24,medium,Mrs,0
1,2,female,27.0,13.8583,G,C,Young_Adult,1,2,small,6.92915,low,28,medium,Miss,0
0,1,male,31.0,50.4958,A,S,Young_Adult,0,1,loner,50.4958,very_high,36,good,Mr,0
0,3,male,15.0,9.5,G,S,teenager,0,1,loner,9.5,low,27,medium,Mr,1
1,3,male,4.0,11.1333,G,S,toddler,1,3,small,3.7111,Very_low,31,medium,Master,1
0,3,male,26.0,7.8958,G,S,Young_Adult,0,1,loner,7.8958,low,17,short,Mr,0
1,1,female,47.0,52.5542,D,S,middle_aged,1,3,small,17.518066666666666,mid,48,long,Mrs,0
0,1,male,33.0,5.0,B,S,Young_Adult,0,1,loner,5.0,low,24,medium,Mr,0
0,3,male,47.0,9.0,G,S,middle_aged,0,1,loner,9.0,low,27,medium,Mr,0
1,2,female,28.0,24.0,F,C,Young_Adult,1,2,small,12.0,mid,37,good,Mrs,0
1,3,female,15.0,7.225,G,C,teenager,0,1,loner,7.225,low,32,medium,Miss,1
0,3,male,20.0,9.8458,G,S,Young_Adult,0,1,loner,9.8458,low,29,medium,Mr,0
0,3,male,34.0,7.8958,G,S,Young_Adult,0,1,loner,7.8958,low,18,short,Mr,0
1,1,female,56.0,83.1583,C,C,senior_citizen,1,2,small,41.57915,high,45,good,Mrs,0
1,2,female,25.0,26.0,F,S,Young_Adult,1,2,small,13.0,mid,44,good,Mrs,0
0,3,male,33.0,7.8958,G,S,Young_Adult,0,1,loner,7.8958,low,18,short,Mr,0
0,3,female,22.0,10.5167,G,S,Young_Adult,0,1,loner,10.5167,mid,28,medium,Miss,0
0,2,male,28.0,10.5,G,S,Young_Adult,0,1,loner,10.5,mid,29,medium,Mr,0
0,3,male,25.0,7.05,G,S,Young_Adult,0,1,loner,7.05,low,22,medium,Mr,0
0,3,female,39.0,29.125,T,Q,adult,1,6,large,4.854166666666667,low,36,good,Mrs,0
0,2,male,27.0,13.0,G,S,Young_Adult,0,1,loner,13.0,mid,21,medium,rare,0
1,1,female,19.0,30.0,B,S,Young_Adult,0,1,loner,30.0,high,28,medium,Miss,0
0,3,female,15.0,23.45,F,S,teenager,1,4,small,5.8625,low,40,good,Miss,1
1,1,male,26.0,30.0,C,C,Young_Adult,0,1,loner,30.0,high,21,medium,Mr,0
0,3,male,32.0,7.75,G,Q,Young_Adult,0,1,loner,7.75,low,19,short,Mr,0
